doc_id,split,f1_small,f1_large,gap,f1_small_strict,f1_large_strict,gap_strict,cost_small,cost_large,cached,tier_label
receipt_00009,train,0.5,0.5,0.0,0.5,0.5,0.0,0.002161,0.01133,True,small-sufficient
receipt_00008,train,0.2,0.7273,0.5273,0.2,0.7273,0.5273,0.002613,0.01309,True,large-required
receipt_00010,train,0.375,0.2353,-0.1397,0.375,0.2353,-0.1397,0.002473,0.011945,True,small-sufficient
receipt_00004,train,0.2,0.3333,0.1333,0.2,0.3333,0.1333,0.002923,0.011985,True,large-required
receipt_00007,train,0.125,0.125,0.0,0.125,0.125,0.0,0.002497,0.01141,True,small-sufficient
receipt_00016,train,0.3077,0.4286,0.1209,0.3077,0.4286,0.1209,0.001954,0.010755,True,large-required
receipt_00011,train,0.6316,0.6316,0.0,0.6316,0.6316,0.0,0.003245,0.018235,True,small-sufficient
receipt_00013,train,0.6471,0.6875,0.0404,0.6471,0.6875,0.0404,0.003171,0.01678,True,large-required
receipt_00000,train,0.3239,0.3239,0.0,0.3099,0.3099,0.0,0.008269,0.05035,True,small-sufficient
receipt_00015,train,0.4706,0.4706,0.0,0.4706,0.4706,0.0,0.003894,0.018535,True,small-sufficient
receipt_00002,train,0.5238,0.4545,-0.0693,0.5238,0.4545,-0.0693,0.004306,0.020345,True,small-sufficient
receipt_00005,train,0.619,0.619,0.0,0.619,0.619,0.0,0.00348,0.01991,True,small-sufficient
receipt_00019,train,0.625,0.7711,0.1461,0.625,0.7711,0.1461,0.005446,0.03504,True,large-required
receipt_00017,train,0.6,0.6,0.0,0.6,0.6,0.0,0.003483,0.01566,True,small-sufficient
receipt_00003,train,0.5,0.5,0.0,0.5,0.5,0.0,0.002738,0.014705,True,small-sufficient
receipt_00021,train,0.3429,0.5143,0.1714,0.3429,0.5143,0.1714,0.003919,0.01738,True,large-required
receipt_00012,train,0.5143,0.4865,-0.0278,0.5143,0.4865,-0.0278,0.0031,0.018145,True,small-sufficient
receipt_00018,train,0.2222,0.25,0.0278,0.2222,0.25,0.0278,0.002726,0.011205,True,large-required
receipt_00022,train,0.125,0.375,0.25,0.125,0.375,0.25,0.002444,0.011235,True,large-required
receipt_00020,train,0.3571,0.4,0.0429,0.3571,0.4,0.0429,0.003121,0.01921,True,large-required
receipt_00014,train,0.2963,0.4615,0.1652,0.2963,0.4615,0.1652,0.003375,0.014365,True,large-required
receipt_00006,train,0.2963,0.5385,0.2422,0.2963,0.5385,0.2422,0.002716,0.014185,True,large-required
receipt_00024,train,0.3636,0.5455,0.1818,0.3636,0.5455,0.1818,0.003768,0.01667,True,large-required
receipt_00023,train,0.1,0.2857,0.1857,0.1,0.2857,0.1857,0.002361,0.01327,True,large-required
receipt_00001,train,0.56,0.5833,0.0233,0.56,0.5833,0.0233,0.00395,0.021505,True,large-required
receipt_00029,train,0.6154,0.6154,0.0,0.6154,0.6154,0.0,0.003261,0.01508,True,small-sufficient
receipt_00025,train,0.4,0.4,0.0,0.4,0.4,0.0,0.002041,0.009455,True,small-sufficient
receipt_00030,train,0.2105,0.2,-0.0105,0.2105,0.2,-0.0105,0.002636,0.012695,True,small-sufficient
receipt_00026,train,0.2353,0.4444,0.2092,0.2353,0.4444,0.2092,0.00229,0.012555,True,large-required
receipt_00032,train,0.5,0.5455,0.0455,0.5,0.5455,0.0455,0.002167,0.009465,True,large-required
receipt_00044,train,0.6818,0.7143,0.0325,0.6818,0.7143,0.0325,0.004546,0.02028,True,large-required
receipt_00027,train,0.0,0.3077,0.3077,0.0,0.3077,0.3077,0.002245,0.01101,True,large-required
receipt_00037,train,0.1429,0.1429,0.0,0.1429,0.1429,0.0,0.002346,0.010755,True,small-sufficient
receipt_00034,train,0.2857,0.4286,0.1429,0.2857,0.4286,0.1429,0.002091,0.010865,True,large-required
receipt_00035,train,0.4286,0.5714,0.1429,0.4286,0.5714,0.1429,0.002313,0.010625,True,large-required
receipt_00040,train,0.3333,0.3636,0.0303,0.3333,0.3636,0.0303,0.003209,0.013365,True,large-required
receipt_00038,train,0.3333,0.3333,0.0,0.3333,0.3333,0.0,0.002189,0.01013,True,small-sufficient
receipt_00036,train,0.6667,0.6471,-0.0196,0.6667,0.6471,-0.0196,0.003272,0.01681,True,small-sufficient
receipt_00042,train,0.375,0.375,0.0,0.375,0.375,0.0,0.002504,0.0116,True,small-sufficient
receipt_00041,train,0.25,0.25,0.0,0.25,0.25,0.0,0.00215,0.011345,True,small-sufficient
receipt_00028,train,0.1176,0.3333,0.2157,0.1176,0.3333,0.2157,0.002162,0.01205,True,large-required
receipt_00033,train,0.2857,0.6,0.3143,0.2857,0.6,0.3143,0.002948,0.01887,True,large-required
receipt_00039,train,0.2222,0.25,0.0278,0.2222,0.25,0.0278,0.002043,0.00884,True,large-required
receipt_00043,train,0.6,0.6,0.0,0.6,0.6,0.0,0.002371,0.012575,True,small-sufficient
receipt_00047,train,0.4,0.4,0.0,0.4,0.4,0.0,0.002035,0.009335,True,small-sufficient
receipt_00031,train,0.4167,0.5,0.0833,0.4167,0.5,0.0833,0.003011,0.01384,True,large-required
receipt_00045,train,0.2222,0.3,0.0778,0.2222,0.3,0.0778,0.002442,0.01228,True,large-required
receipt_00046,train,0.2222,0.3333,0.1111,0.2222,0.3333,0.1111,0.002666,0.012105,True,large-required
receipt_00049,train,0.25,0.25,0.0,0.25,0.25,0.0,0.002434,0.011235,True,small-sufficient
receipt_00050,train,0.4444,0.4444,0.0,0.4444,0.4444,0.0,0.002638,0.01209,True,small-sufficient
receipt_00052,train,0.6957,0.7273,0.0316,0.6957,0.7273,0.0316,0.002964,0.012765,True,large-required
receipt_00055,train,0.25,0.375,0.125,0.25,0.375,0.125,0.002503,0.01155,True,large-required
receipt_00058,train,0.4082,0.75,0.3418,0.4082,0.75,0.3418,0.004034,0.02211,True,large-required
receipt_00059,train,0.5263,0.5263,0.0,0.5263,0.5263,0.0,0.002276,0.012255,True,small-sufficient
receipt_00054,train,0.4167,0.4167,0.0,0.4167,0.4167,0.0,0.002525,0.01354,True,small-sufficient
receipt_00048,train,0.6522,0.6818,0.0296,0.6522,0.6818,0.0296,0.003772,0.02016,True,large-required
receipt_00060,train,0.4571,0.5143,0.0571,0.4571,0.5143,0.0571,0.003674,0.01632,True,large-required
receipt_00051,train,0.2222,0.5714,0.3492,0.2222,0.5714,0.3492,0.002676,0.01504,True,large-required
receipt_00053,train,0.2308,0.5714,0.3407,0.2308,0.5714,0.3407,0.003072,0.015575,True,large-required
receipt_00061,train,0.4,0.5,0.1,0.4,0.5,0.1,0.002332,0.01144,True,large-required
receipt_00062,train,0.4706,0.375,-0.0956,0.4706,0.375,-0.0956,0.002662,0.011915,True,small-sufficient
receipt_00056,train,0.3571,0.5185,0.1614,0.3571,0.5185,0.1614,0.003502,0.01499,True,large-required
receipt_00057,train,0.4848,0.4706,-0.0143,0.4848,0.4706,-0.0143,0.003616,0.01702,True,small-sufficient
receipt_00064,train,0.8182,0.8182,0.0,0.8182,0.8182,0.0,0.00308,0.014685,True,small-sufficient
receipt_00063,train,0.2308,0.2069,-0.0239,0.2308,0.2069,-0.0239,0.002754,0.017095,True,small-sufficient
receipt_00065,train,0.8615,0.8615,0.0,0.8615,0.8615,0.0,0.00761,0.044235,True,small-sufficient
receipt_00066,train,0.1667,0.4615,0.2949,0.1667,0.4615,0.2949,0.002493,0.014365,True,large-required
receipt_00069,train,0.4211,0.4211,0.0,0.4211,0.4211,0.0,0.002709,0.012355,True,small-sufficient
receipt_00068,train,0.4444,0.4444,0.0,0.4444,0.4444,0.0,0.00391,0.01763,True,small-sufficient
receipt_00072,train,0.24,0.4615,0.2215,0.24,0.4615,0.2215,0.003108,0.01451,True,large-required
receipt_00067,train,0.2857,0.3333,0.0476,0.2857,0.3333,0.0476,0.002432,0.009995,True,large-required
receipt_00073,train,0.2222,0.5556,0.3333,0.2222,0.5556,0.3333,0.002275,0.01195,True,large-required
receipt_00074,train,0.4615,0.5,0.0385,0.4615,0.5,0.0385,0.002333,0.010235,True,large-required
receipt_00078,train,0.375,0.375,0.0,0.375,0.375,0.0,0.002486,0.01151,True,small-sufficient
receipt_00075,train,0.475,0.7342,0.2592,0.475,0.7342,0.2592,0.005603,0.03275,True,large-required
receipt_00080,train,0.4706,0.5,0.0294,0.4706,0.5,0.0294,0.002637,0.01152,True,large-required
receipt_00082,train,0.4,0.5882,0.1882,0.4,0.5882,0.1882,0.002344,0.012415,True,large-required
receipt_00070,train,0.5714,0.5926,0.0212,0.5714,0.5926,0.0212,0.002868,0.01572,True,large-required
receipt_00076,train,0.3158,0.3529,0.0372,0.3158,0.3529,0.0372,0.002773,0.011485,True,large-required
receipt_00077,train,0.4091,0.5106,0.1015,0.4091,0.5106,0.1015,0.004192,0.02086,True,large-required
receipt_00081,train,0.5,0.5,0.0,0.5,0.5,0.0,0.002145,0.009935,True,small-sufficient
receipt_00071,train,0.2353,0.375,0.1397,0.2353,0.375,0.1397,0.002637,0.011585,True,large-required
receipt_00084,train,0.3226,0.6875,0.3649,0.3226,0.6875,0.3649,0.003323,0.015645,True,large-required
receipt_00088,train,0.4444,0.4138,-0.0307,0.4444,0.4138,-0.0307,0.002704,0.015665,True,small-sufficient
receipt_00093,train,0.4167,0.3333,-0.0833,0.4167,0.3333,-0.0833,0.003027,0.013795,True,small-sufficient
receipt_00089,train,0.25,0.2857,0.0357,0.25,0.2857,0.0357,0.002664,0.010985,True,large-required
receipt_00092,train,0.5,0.5,0.0,0.5,0.5,0.0,0.00215,0.009965,True,small-sufficient
receipt_00091,train,0.6667,0.6667,0.0,0.6667,0.6667,0.0,0.002234,0.011985,True,small-sufficient
receipt_00079,train,0.0952,0.4348,0.3395,0.0952,0.4348,0.3395,0.002599,0.013135,True,large-required
receipt_00087,train,0.0,0.4,0.4,0.0,0.4,0.4,0.001763,0.009335,True,large-required
receipt_00085,train,0.4444,0.4444,0.0,0.4444,0.4444,0.0,0.002243,0.011965,True,small-sufficient
receipt_00094,train,0.1538,0.4615,0.3077,0.1538,0.4615,0.3077,0.003262,0.01454,True,large-required
receipt_00083,train,0.3636,0.4,0.0364,0.3636,0.4,0.0364,0.002988,0.012295,True,large-required
receipt_00086,train,0.2667,0.2667,0.0,0.2667,0.2667,0.0,0.002357,0.01085,True,small-sufficient
receipt_00095,train,0.2667,0.375,0.1083,0.2667,0.375,0.1083,0.002332,0.01144,True,large-required
receipt_00090,train,0.4,0.5,0.1,0.4,0.5,0.1,0.002082,0.01165,True,large-required
receipt_00097,train,0.5,0.5,0.0,0.5,0.5,0.0,0.002152,0.01144,True,small-sufficient
receipt_00096,train,0.375,0.375,0.0,0.375,0.375,0.0,0.002481,0.01133,True,small-sufficient
receipt_00098,train,0.4138,0.625,0.2112,0.4138,0.625,0.2112,0.002717,0.01653,True,large-required
receipt_00106,train,0.4545,0.4545,0.0,0.4545,0.4545,0.0,0.002483,0.01316,True,small-sufficient
receipt_00099,train,0.2941,0.4,0.1059,0.2941,0.4,0.1059,0.00394,0.018085,True,large-required
receipt_00112,train,0.4545,0.4545,0.0,0.4545,0.4545,0.0,0.002853,0.0129,True,small-sufficient
receipt_00103,train,0.5977,0.5778,-0.0199,0.5977,0.5778,-0.0199,0.007799,0.038675,True,small-sufficient
receipt_00114,train,0.0741,0.2143,0.1402,0.0741,0.2143,0.1402,0.003825,0.018635,True,large-required
receipt_00109,train,0.1739,0.5455,0.3715,0.1739,0.5455,0.3715,0.004159,0.02201,True,large-required
receipt_00100,train,0.5,0.5,0.0,0.5,0.5,0.0,0.002181,0.010175,True,small-sufficient
receipt_00104,train,0.6842,0.6842,0.0,0.6842,0.6842,0.0,0.003244,0.01804,True,small-sufficient
receipt_00113,train,0.2857,0.3333,0.0476,0.2857,0.3333,0.0476,0.001875,0.00816,True,large-required
receipt_00101,train,0.2222,0.375,0.1528,0.2222,0.375,0.1528,0.002764,0.01151,True,large-required
receipt_00115,train,0.2963,0.5,0.2037,0.2963,0.5,0.2037,0.002835,0.013945,True,large-required
receipt_00107,train,0.5,0.5,0.0,0.5,0.5,0.0,0.003008,0.013525,True,small-sufficient
receipt_00105,train,0.3333,0.375,0.0417,0.3333,0.375,0.0417,0.002767,0.01131,True,large-required
receipt_00117,train,0.6154,0.85,0.2346,0.6154,0.85,0.2346,0.003245,0.018535,True,large-required
receipt_00102,train,0.375,0.375,0.0,0.375,0.375,0.0,0.002479,0.01132,True,small-sufficient
receipt_00110,train,0.375,0.375,0.0,0.375,0.375,0.0,0.00216,0.01132,True,small-sufficient
receipt_00116,train,0.4286,0.4286,0.0,0.4286,0.4286,0.0,0.002332,0.010725,True,small-sufficient
receipt_00120,train,0.2105,0.2222,0.0117,0.2105,0.2222,0.0117,0.002344,0.0118,True,small-sufficient
receipt_00111,train,0.4545,0.5,0.0455,0.4545,0.5,0.0455,0.003037,0.01261,True,large-required
receipt_00119,train,0.4,0.5,0.1,0.4,0.5,0.1,0.002338,0.01141,True,large-required
receipt_00108,train,0.1,0.2727,0.1727,0.1,0.2727,0.1727,0.002813,0.014155,True,large-required
receipt_00118,train,0.5,0.5,0.0,0.5,0.5,0.0,0.002522,0.013495,True,small-sufficient
receipt_00133,train,0.5,0.5,0.0,0.5,0.5,0.0,0.002523,0.013895,True,small-sufficient
receipt_00132,train,0.2857,0.4286,0.1429,0.2857,0.4286,0.1429,0.002972,0.016675,True,large-required
receipt_00124,train,0.7356,0.7447,0.009,0.7356,0.7447,0.009,0.007037,0.03796,True,small-sufficient
receipt_00130,train,0.5455,0.5,-0.0455,0.5455,0.5,-0.0455,0.001896,0.00976,True,small-sufficient
receipt_00136,train,0.2222,0.1176,-0.1046,0.2222,0.1176,-0.1046,0.002379,0.01194,True,small-sufficient
receipt_00121,train,0.0769,0.4615,0.3846,0.0769,0.4615,0.3846,0.003262,0.014365,True,large-required
receipt_00135,train,0.3243,0.4865,0.1622,0.3243,0.4865,0.1622,0.004157,0.019485,True,large-required
receipt_00134,train,0.4,0.3846,-0.0154,0.4,0.3846,-0.0154,0.00316,0.01477,True,small-sufficient
receipt_00127,train,0.0,0.4286,0.4286,0.0,0.4286,0.4286,0.001756,0.010215,True,large-required
receipt_00123,train,0.25,0.25,0.0,0.25,0.25,0.0,0.002486,0.01137,True,small-sufficient
receipt_00128,train,0.4,0.5,0.1,0.4,0.5,0.1,0.002356,0.01144,True,large-required
receipt_00122,train,0.4167,0.4545,0.0379,0.4167,0.4545,0.0379,0.002605,0.01302,True,large-required
receipt_00125,train,0.2667,0.375,0.1083,0.2667,0.375,0.1083,0.002335,0.011525,True,large-required
receipt_00137,train,0.4286,0.5714,0.1429,0.4286,0.5714,0.1429,0.002916,0.01616,True,large-required
receipt_00129,train,0.1333,0.1176,-0.0157,0.1333,0.1176,-0.0157,0.002502,0.0129,True,small-sufficient
receipt_00131,train,0.1538,0.4615,0.3077,0.1538,0.4615,0.3077,0.003262,0.014365,True,large-required
receipt_00126,train,0.2,0.1667,-0.0333,0.2,0.1667,-0.0333,0.001941,0.010275,True,small-sufficient
receipt_00139,train,0.2222,0.375,0.1528,0.2222,0.375,0.1528,0.002739,0.011245,True,large-required
receipt_00140,train,0.4444,0.5,0.0556,0.4444,0.5,0.0556,0.003186,0.015075,True,large-required
receipt_00141,train,0.4,0.5333,0.1333,0.4,0.5333,0.1333,0.002439,0.01121,True,large-required
receipt_00138,train,0.4179,0.6111,0.1932,0.4179,0.6111,0.1932,0.004799,0.0308,True,large-required
receipt_00143,train,0.2222,0.25,0.0278,0.2222,0.25,0.0278,0.002772,0.011345,True,large-required
receipt_00142,train,0.4286,0.4,-0.0286,0.4286,0.4,-0.0286,0.003148,0.015445,True,small-sufficient
receipt_00145,train,0.2667,0.5,0.2333,0.2667,0.5,0.2333,0.002362,0.01165,True,large-required
receipt_00144,train,0.5455,0.5217,-0.0237,0.5455,0.5217,-0.0237,0.002428,0.013765,True,small-sufficient
receipt_00146,train,0.5417,0.5652,0.0236,0.5417,0.5652,0.0236,0.003802,0.020205,True,large-required
receipt_00148,train,0.2857,0.5714,0.2857,0.2857,0.5714,0.2857,0.002091,0.010865,True,large-required
receipt_00155,train,0.5263,0.3,-0.2263,0.5263,0.3,-0.2263,0.002593,0.01236,True,small-sufficient
receipt_00151,train,0.0,0.1333,0.1333,0.0,0.1333,0.1333,0.002443,0.01083,True,large-required
receipt_00147,train,0.381,0.4,0.019,0.381,0.4,0.019,0.002345,0.014975,True,small-sufficient
receipt_00153,train,0.6,0.3333,-0.2667,0.6,0.3333,-0.2667,0.002156,0.011195,True,small-sufficient
receipt_00152,train,0.4286,0.5714,0.1429,0.4286,0.5714,0.1429,0.002345,0.010815,True,large-required
receipt_00158,train,0.3636,0.5,0.1364,0.3636,0.5,0.1364,0.002358,0.01361,True,large-required
receipt_00150,train,0.375,0.3529,-0.0221,0.375,0.3529,-0.0221,0.002173,0.012015,True,small-sufficient
receipt_00154,train,0.5714,0.7143,0.1429,0.5714,0.7143,0.1429,0.002284,0.010465,True,large-required
receipt_00159,train,0.5714,0.5714,0.0,0.5714,0.5714,0.0,0.002291,0.01046,True,small-sufficient
receipt_00156,train,0.1481,0.6207,0.4725,0.0741,0.6207,0.5466,0.003175,0.01604,True,large-required
receipt_00157,train,0.3846,0.5926,0.208,0.3846,0.5926,0.208,0.003188,0.01563,True,large-required
receipt_00160,train,0.2667,0.4286,0.1619,0.2667,0.4286,0.1619,0.003647,0.01507,True,large-required
receipt_00165,train,0.25,0.2353,-0.0147,0.25,0.2353,-0.0147,0.002446,0.011885,True,small-sufficient
receipt_00162,train,0.4103,0.5366,0.1263,0.4103,0.5366,0.1263,0.004234,0.02194,True,large-required
receipt_00164,train,0.3529,0.375,0.0221,0.3529,0.375,0.0221,0.002637,0.01152,True,large-required
receipt_00149,train,0.3117,0.5063,0.1946,0.3117,0.5063,0.1946,0.005655,0.03289,True,large-required
receipt_00161,train,0.4706,0.3125,-0.1581,0.4706,0.3125,-0.1581,0.003863,0.0162,True,small-sufficient
receipt_00166,train,0.3333,0.4286,0.0952,0.3333,0.4286,0.0952,0.002019,0.01043,True,large-required
receipt_00167,train,0.2609,0.5185,0.2576,0.2609,0.5185,0.2576,0.002805,0.015105,True,large-required
receipt_00172,train,0.4545,0.5455,0.0909,0.4545,0.5455,0.0909,0.002861,0.013125,True,large-required
receipt_00163,train,0.2857,0.5,0.2143,0.2857,0.5,0.2143,0.002203,0.0113,True,large-required
receipt_00169,train,0.2857,0.4545,0.1688,0.2857,0.4545,0.1688,0.002652,0.012815,True,large-required
receipt_00168,train,0.3158,0.3158,0.0,0.3158,0.3158,0.0,0.002804,0.01281,True,small-sufficient
receipt_00170,train,0.5,0.5,0.0,0.5,0.5,0.0,0.002472,0.01144,True,small-sufficient
receipt_00171,train,0.7692,0.75,-0.0192,0.7692,0.75,-0.0192,0.003973,0.018915,True,small-sufficient
receipt_00174,train,0.2857,0.2857,0.0,0.2857,0.2857,0.0,0.002321,0.010645,True,small-sufficient
receipt_00173,train,0.1818,0.3636,0.1818,0.1818,0.3636,0.1818,0.002197,0.01019,True,large-required
receipt_00177,train,0.5333,0.5333,0.0,0.5333,0.5333,0.0,0.003452,0.015335,True,small-sufficient
receipt_00179,train,0.4,0.3636,-0.0364,0.4,0.3636,-0.0364,0.002909,0.0171,True,small-sufficient
receipt_00176,train,0.5833,0.5833,0.0,0.5833,0.5833,0.0,0.00311,0.01407,True,small-sufficient
receipt_00175,train,0.5,0.5,0.0,0.5,0.5,0.0,0.002766,0.012705,True,small-sufficient
receipt_00182,train,0.1818,0.1538,-0.028,0.1818,0.1538,-0.028,0.002933,0.01616,True,small-sufficient
receipt_00183,train,0.3333,0.375,0.0417,0.3333,0.375,0.0417,0.002766,0.011345,True,large-required
receipt_00181,train,0.48,0.3846,-0.0954,0.48,0.3846,-0.0954,0.002635,0.014755,True,small-sufficient
receipt_00188,train,0.2222,0.25,0.0278,0.2222,0.25,0.0278,0.002372,0.011435,True,large-required
receipt_00184,train,0.6923,0.75,0.0577,0.6923,0.75,0.0577,0.00267,0.013595,True,large-required
receipt_00178,train,0.25,0.3158,0.0658,0.25,0.3158,0.0658,0.002052,0.01241,True,large-required
receipt_00187,train,0.2857,0.2857,0.0,0.2857,0.2857,0.0,0.002076,0.010825,True,small-sufficient
receipt_00186,train,0.3333,0.3333,0.0,0.3333,0.3333,0.0,0.002151,0.009995,True,small-sufficient
receipt_00185,train,0.1875,0.1714,-0.0161,0.1875,0.1714,-0.0161,0.003419,0.020845,True,small-sufficient
receipt_00192,train,0.25,0.25,0.0,0.25,0.25,0.0,0.00217,0.011405,True,small-sufficient
receipt_00191,train,0.2623,0.2759,0.0136,0.2623,0.2759,0.0136,0.0058,0.024945,True,small-sufficient
receipt_00180,train,0.625,0.625,0.0,0.625,0.625,0.0,0.003751,0.021645,True,small-sufficient
receipt_00189,train,0.3333,0.3333,0.0,0.3333,0.3333,0.0,0.002175,0.010205,True,small-sufficient
receipt_00190,train,0.4848,0.4848,0.0,0.4848,0.4848,0.0,0.003061,0.016875,True,small-sufficient
receipt_00195,train,0.5385,0.5833,0.0449,0.5385,0.5833,0.0449,0.002718,0.013925,True,large-required
receipt_00193,train,0.7727,0.7727,0.0,0.7727,0.7727,0.0,0.004828,0.02319,True,small-sufficient
receipt_00194,train,0.5455,0.5455,0.0,0.5455,0.5455,0.0,0.003151,0.0159,True,small-sufficient
receipt_00197,train,0.4118,0.5,0.0882,0.4118,0.5,0.0882,0.003642,0.017615,True,large-required
receipt_00199,train,0.5806,0.5882,0.0076,0.5806,0.5882,0.0076,0.003476,0.0182,True,small-sufficient
receipt_00201,train,0.2727,0.4348,0.1621,0.2727,0.4348,0.1621,0.002776,0.01336,True,large-required
receipt_00196,train,0.4615,0.5,0.0385,0.4615,0.5,0.0385,0.002742,0.013805,True,large-required
receipt_00198,train,0.4211,0.4444,0.0234,0.4211,0.4444,0.0234,0.002748,0.01182,True,large-required
receipt_00203,train,0.5862,0.8448,0.2586,0.5862,0.8448,0.2586,0.007102,0.04189,True,large-required
receipt_00200,train,0.3846,0.6154,0.2308,0.3846,0.6154,0.2308,0.003187,0.014215,True,large-required
receipt_00202,train,0.375,0.4,0.025,0.375,0.4,0.025,0.002517,0.01117,True,large-required
receipt_00204,train,0.4,0.5,0.1,0.4,0.5,0.1,0.002328,0.011355,True,large-required
receipt_00207,train,0.2857,0.5,0.2143,0.2857,0.5,0.2143,0.003578,0.014185,True,large-required
receipt_00209,train,0.6667,0.6667,0.0,0.6667,0.6667,0.0,0.002793,0.01589,True,small-sufficient
receipt_00211,train,0.4615,0.3333,-0.1282,0.4615,0.3333,-0.1282,0.003207,0.013575,True,small-sufficient
receipt_00213,train,0.4615,0.5,0.0385,0.4615,0.5,0.0385,0.003309,0.013855,True,large-required
receipt_00208,train,0.4615,0.5,0.0385,0.4615,0.5,0.0385,0.003249,0.01372,True,large-required
receipt_00210,train,0.1818,0.5455,0.3636,0.1818,0.5455,0.3636,0.003801,0.016855,True,large-required
receipt_00205,train,0.4,0.4444,0.0444,0.4,0.4444,0.0444,0.002845,0.011865,True,large-required
receipt_00212,train,0.3333,0.5556,0.2222,0.3333,0.5556,0.2222,0.002644,0.01203,True,large-required
receipt_00216,train,0.3529,0.375,0.0221,0.3529,0.375,0.0221,0.002635,0.011585,True,large-required
receipt_00215,train,0.4118,0.5714,0.1597,0.4118,0.5714,0.1597,0.003639,0.016985,True,large-required
receipt_00206,train,0.5806,0.7059,0.1252,0.5806,0.7059,0.1252,0.002767,0.016715,True,large-required
receipt_00217,train,0.2308,0.4615,0.2308,0.2308,0.4615,0.2308,0.003232,0.01439,True,large-required
receipt_00218,train,0.4375,0.4667,0.0292,0.4375,0.4667,0.0292,0.003096,0.01579,True,large-required
receipt_00219,train,0.1127,0.7419,0.6293,0.1127,0.7419,0.6293,0.005295,0.026155,True,large-required
receipt_00220,train,0.2105,0.2105,0.0,0.2105,0.2105,0.0,0.002789,0.012975,True,small-sufficient
receipt_00214,train,0.4,0.4,0.0,0.4,0.4,0.0,0.002778,0.01265,True,small-sufficient
receipt_00223,train,0.3333,0.3333,0.0,0.3333,0.3333,0.0,0.002622,0.012055,True,small-sufficient
receipt_00221,train,0.5833,0.6364,0.053,0.5833,0.6364,0.053,0.002633,0.013555,True,large-required
receipt_00228,train,0.2667,0.375,0.1083,0.2667,0.375,0.1083,0.002333,0.011445,True,large-required
receipt_00224,train,0.2,0.3333,0.1333,0.2,0.3333,0.1333,0.002929,0.012075,True,large-required
receipt_00225,train,0.375,0.5,0.125,0.375,0.5,0.125,0.002153,0.011445,True,large-required
receipt_00229,train,0.1333,0.1429,0.0095,0.1333,0.1429,0.0095,0.002208,0.011065,True,small-sufficient
receipt_00222,train,0.1429,0.1429,0.0,0.1429,0.1429,0.0,0.002117,0.011115,True,small-sufficient
receipt_00226,train,0.4375,0.5625,0.125,0.4375,0.5625,0.125,0.003665,0.016505,True,large-required
receipt_00233,train,0.381,0.6667,0.2857,0.381,0.6667,0.2857,0.002274,0.01414,True,large-required
receipt_00240,train,0.5333,0.5714,0.0381,0.5333,0.5714,0.0381,0.002438,0.010535,True,large-required
receipt_00234,train,0.5,0.5556,0.0556,0.5,0.5556,0.0556,0.002864,0.01205,True,large-required
receipt_00227,train,0.2353,0.3529,0.1176,0.2353,0.3529,0.1176,0.002632,0.01197,True,large-required
receipt_00231,train,0.4242,0.825,0.4008,0.3636,0.825,0.4614,0.00397,0.032025,True,large-required
receipt_00236,train,0.3333,0.3158,-0.0175,0.3333,0.3158,-0.0175,0.002602,0.012245,True,small-sufficient
receipt_00238,train,0.3529,0.5556,0.2026,0.3529,0.5556,0.2026,0.002136,0.012025,True,large-required
receipt_00230,train,0.7241,0.7037,-0.0204,0.7241,0.7037,-0.0204,0.005411,0.02192,True,small-sufficient
receipt_00239,train,0.8696,0.8955,0.026,0.8696,0.8955,0.026,0.004845,0.02716,True,large-required
receipt_00241,train,0.6842,0.6316,-0.0526,0.6842,0.6316,-0.0526,0.004003,0.01767,True,small-sufficient
receipt_00244,train,0.2,0.3333,0.1333,0.2,0.3333,0.1333,0.00294,0.0121,True,large-required
receipt_00232,train,0.7692,0.6977,-0.0716,0.7692,0.6977,-0.0716,0.004032,0.02027,True,small-sufficient
receipt_00237,train,0.2353,0.3333,0.098,0.2353,0.3333,0.098,0.002479,0.01198,True,large-required
receipt_00243,train,0.3429,0.4242,0.0814,0.3429,0.4242,0.0814,0.00404,0.017245,True,large-required
receipt_00235,train,0.1739,0.5957,0.4218,0.1739,0.5957,0.4218,0.003715,0.02206,True,large-required
receipt_00245,train,0.6429,0.6923,0.0495,0.6429,0.6923,0.0495,0.002841,0.014485,True,large-required
receipt_00246,train,0.4615,0.5,0.0385,0.4615,0.5,0.0385,0.003248,0.013685,True,large-required
receipt_00242,train,0.2667,0.375,0.1083,0.2667,0.375,0.1083,0.002346,0.01136,True,large-required
receipt_00247,train,0.3333,0.3333,0.0,0.3333,0.3333,0.0,0.001923,0.009965,True,small-sufficient
receipt_00249,train,0.25,0.25,0.0,0.25,0.25,0.0,0.002485,0.01135,True,small-sufficient
receipt_00263,train,0.6,0.6,0.0,0.6,0.6,0.0,0.002771,0.012575,True,small-sufficient
receipt_00256,train,0.6154,0.6154,0.0,0.6154,0.6154,0.0,0.003261,0.01508,True,small-sufficient
receipt_00248,train,0.3333,0.3333,0.0,0.3333,0.3333,0.0,0.002171,0.01007,True,small-sufficient
receipt_00254,train,0.6415,0.6923,0.0508,0.6415,0.6923,0.0508,0.004039,0.022045,True,large-required
receipt_00259,train,0.375,0.5714,0.1964,0.375,0.5714,0.1964,0.002558,0.010475,True,large-required
receipt_00257,train,0.3333,0.2222,-0.1111,0.3333,0.2222,-0.1111,0.002858,0.013275,True,small-sufficient
receipt_00250,train,0.375,0.4286,0.0536,0.375,0.4286,0.0536,0.002588,0.01067,True,large-required
receipt_00258,train,0.4762,0.6087,0.1325,0.4762,0.6087,0.1325,0.002713,0.01367,True,large-required
receipt_00253,train,0.1622,0.3333,0.1712,0.1622,0.3333,0.1712,0.003774,0.027365,True,large-required
receipt_00255,train,0.4286,0.4,-0.0286,0.4286,0.4,-0.0286,0.002783,0.0167,True,small-sufficient
receipt_00251,train,0.375,0.375,0.0,0.375,0.375,0.0,0.002497,0.01141,True,small-sufficient
receipt_00267,train,0.381,0.5455,0.1645,0.381,0.5455,0.1645,0.002714,0.01304,True,large-required
receipt_00261,train,0.4314,0.64,0.2086,0.4314,0.64,0.2086,0.005143,0.0217,True,large-required
receipt_00260,train,0.766,0.7826,0.0167,0.766,0.7826,0.0167,0.003806,0.020855,True,small-sufficient
receipt_00264,train,0.5965,0.5574,-0.0391,0.5965,0.5574,-0.0391,0.004113,0.02545,True,small-sufficient
receipt_00252,train,0.1667,0.5,0.3333,0.1667,0.5,0.3333,0.002589,0.01401,True,large-required
receipt_00262,train,0.7368,0.7778,0.0409,0.7368,0.7778,0.0409,0.003276,0.017075,True,large-required
receipt_00266,train,0.5806,0.6863,0.1056,0.5806,0.6863,0.1056,0.005887,0.041745,True,large-required
receipt_00265,train,0.48,0.5385,0.0585,0.48,0.5385,0.0585,0.003133,0.014685,True,large-required
receipt_00268,train,0.4,0.5,0.1,0.4,0.5,0.1,0.002338,0.01141,True,large-required
receipt_00270,train,0.2,0.4,0.2,0.2,0.4,0.2,0.002023,0.009335,True,large-required
receipt_00271,train,0.2581,0.2759,0.0178,0.2581,0.2759,0.0178,0.003793,0.01569,True,small-sufficient
receipt_00273,train,0.4,0.5,0.1,0.4,0.5,0.1,0.002727,0.01246,True,large-required
receipt_00269,train,0.75,0.75,0.0,0.75,0.75,0.0,0.003015,0.013465,True,small-sufficient
receipt_00276,train,0.375,0.2353,-0.1397,0.375,0.2353,-0.1397,0.002463,0.0119,True,small-sufficient
receipt_00275,train,0.5556,0.5556,0.0,0.5556,0.5556,0.0,0.003111,0.01725,True,small-sufficient
receipt_00274,train,0.25,0.4167,0.1667,0.25,0.4167,0.1667,0.003129,0.014125,True,large-required
receipt_00272,train,0.32,0.5455,0.2255,0.32,0.5455,0.2255,0.003331,0.01291,True,large-required
receipt_00278,train,0.1765,0.5455,0.369,0.1765,0.5455,0.369,0.002724,0.021235,True,large-required
receipt_00281,train,0.1333,0.25,0.1167,0.1333,0.25,0.1167,0.002462,0.011995,True,large-required
receipt_00284,train,0.4138,0.3871,-0.0267,0.4138,0.3871,-0.0267,0.002819,0.01736,True,small-sufficient
receipt_00277,train,0.5977,0.725,0.1273,0.5977,0.725,0.1273,0.006111,0.032385,True,large-required
receipt_00288,train,0.1667,0.1667,0.0,0.1667,0.1667,0.0,0.001998,0.010365,True,small-sufficient
receipt_00286,train,0.4,0.4286,0.0286,0.4,0.4286,0.0286,0.002143,0.010715,True,large-required
receipt_00283,train,0.5455,0.6667,0.1212,0.5455,0.6667,0.1212,0.002298,0.013555,True,large-required
receipt_00287,train,0.5333,0.625,0.0917,0.5333,0.625,0.0917,0.002005,0.01108,True,large-required
receipt_00279,train,0.4444,0.4444,0.0,0.4444,0.4444,0.0,0.002643,0.012025,True,small-sufficient
receipt_00289,train,0.4444,0.5,0.0556,0.4444,0.5,0.0556,0.003016,0.018305,True,large-required
receipt_00280,train,0.5333,0.5333,0.0,0.5333,0.5333,0.0,0.002877,0.01569,True,small-sufficient
receipt_00285,train,0.4167,0.5385,0.1218,0.4167,0.5385,0.1218,0.002498,0.014685,True,large-required
receipt_00290,train,0.5,0.5,0.0,0.5,0.5,0.0,0.002478,0.0114,True,small-sufficient
receipt_00291,train,0.2667,0.5,0.2333,0.2667,0.5,0.2333,0.002332,0.01144,True,large-required
receipt_00282,train,0.375,0.4706,0.0956,0.375,0.4706,0.0956,0.002201,0.012285,True,large-required
receipt_00296,train,0.25,0.25,0.0,0.25,0.25,0.0,0.002474,0.01145,True,small-sufficient
receipt_00297,train,0.5897,0.6329,0.0432,0.5897,0.6329,0.0432,0.005224,0.03139,True,large-required
receipt_00292,train,0.4444,0.4444,0.0,0.4444,0.4444,0.0,0.002561,0.01172,True,small-sufficient
receipt_00295,train,0.2857,0.2727,-0.013,0.2857,0.2727,-0.013,0.002373,0.01338,True,small-sufficient
receipt_00294,train,0.7391,0.7391,0.0,0.7391,0.7391,0.0,0.003584,0.02046,True,small-sufficient
receipt_00298,train,0.1714,0.2286,0.0571,0.1714,0.2286,0.0571,0.004683,0.021675,True,large-required
receipt_00299,train,0.4615,0.4615,0.0,0.4615,0.4615,0.0,0.003189,0.014345,True,small-sufficient
receipt_00293,train,0.6479,0.6571,0.0093,0.6479,0.6571,0.0093,0.004989,0.02765,True,small-sufficient
receipt_00300,train,0.4545,0.5833,0.1288,0.4545,0.5833,0.1288,0.002784,0.01354,True,large-required
receipt_00304,train,0.2917,0.4,0.1083,0.2917,0.4,0.1083,0.004787,0.02057,True,large-required
receipt_00302,train,0.3846,0.6154,0.2308,0.3846,0.6154,0.2308,0.002707,0.01451,True,large-required
receipt_00305,train,0.4167,0.5833,0.1667,0.4167,0.5833,0.1667,0.003054,0.01373,True,large-required
receipt_00312,train,0.2857,0.3333,0.0476,0.2857,0.3333,0.0476,0.00213,0.010175,True,large-required
receipt_00309,train,0.2222,0.5556,0.3333,0.2222,0.5556,0.3333,0.002277,0.011995,True,large-required
receipt_00303,train,0.6357,0.6308,-0.0049,0.6357,0.6308,-0.0049,0.007692,0.04776,True,small-sufficient
receipt_00308,train,0.3889,0.5405,0.1517,0.3889,0.5405,0.1517,0.003066,0.01733,True,large-required
receipt_00311,train,0.2857,0.2857,0.0,0.2857,0.2857,0.0,0.002076,0.010815,True,small-sufficient
receipt_00320,train,0.5,0.5,0.0,0.5,0.5,0.0,0.002151,0.009905,True,small-sufficient
receipt_00319,train,0.1875,0.375,0.1875,0.1875,0.375,0.1875,0.003714,0.01667,True,large-required
receipt_00301,train,0.1538,0.4615,0.3077,0.1538,0.4615,0.3077,0.003382,0.01499,True,large-required
receipt_00313,train,0.1818,0.5455,0.3636,0.1818,0.5455,0.3636,0.003111,0.01679,True,large-required
receipt_00307,train,0.25,0.25,0.0,0.25,0.25,0.0,0.002171,0.011285,True,small-sufficient
receipt_00315,train,0.5,0.5,0.0,0.5,0.5,0.0,0.002151,0.009965,True,small-sufficient
receipt_00316,train,0.6957,0.6939,-0.0018,0.6957,0.6939,-0.0018,0.004402,0.022765,True,small-sufficient
receipt_00306,train,0.4444,0.4211,-0.0234,0.4444,0.4211,-0.0234,0.002707,0.01349,True,small-sufficient
receipt_00314,train,0.375,0.4286,0.0536,0.375,0.4286,0.0536,0.002621,0.010795,True,large-required
receipt_00310,train,0.3636,0.6667,0.303,0.3636,0.6667,0.303,0.002025,0.009975,True,large-required
receipt_00317,train,0.5,0.5,0.0,0.5,0.5,0.0,0.002158,0.01141,True,small-sufficient
receipt_00321,train,0.8966,0.8571,-0.0394,0.8966,0.8571,-0.0394,0.005495,0.036635,True,small-sufficient
receipt_00318,train,0.4,0.4,0.0,0.4,0.4,0.0,0.002014,0.009385,True,small-sufficient
receipt_00327,train,0.2667,0.2667,0.0,0.2667,0.2667,0.0,0.002478,0.01108,True,small-sufficient
receipt_00325,train,0.5294,0.5294,0.0,0.5294,0.5294,0.0,0.003052,0.0169,True,small-sufficient
receipt_00322,train,0.3556,0.5455,0.1899,0.3556,0.5455,0.1899,0.003917,0.02085,True,large-required
receipt_00324,train,0.2667,0.375,0.1083,0.2667,0.375,0.1083,0.002461,0.01195,True,large-required
receipt_00323,train,0.2857,0.2857,0.0,0.2857,0.2857,0.0,0.00203,0.01064,True,small-sufficient
receipt_00331,train,0.4444,0.4444,0.0,0.4444,0.4444,0.0,0.002632,0.01215,True,small-sufficient
receipt_00334,train,0.56,0.6154,0.0554,0.56,0.6154,0.0554,0.003071,0.014485,True,large-required
receipt_00326,train,0.375,0.4286,0.0536,0.375,0.4286,0.0536,0.002627,0.01083,True,large-required
receipt_00337,train,0.5455,0.5455,0.0,0.5455,0.5455,0.0,0.002459,0.01317,True,small-sufficient
receipt_00339,train,0.5,0.5,0.0,0.5,0.5,0.0,0.002478,0.01138,True,small-sufficient
receipt_00335,train,0.5517,0.5714,0.0197,0.5517,0.5714,0.0197,0.0028,0.0152,True,small-sufficient
receipt_00340,train,0.3636,0.3636,0.0,0.3636,0.3636,0.0,0.002942,0.013335,True,small-sufficient
receipt_00341,train,0.5417,0.56,0.0183,0.5417,0.56,0.0183,0.003766,0.02278,True,small-sufficient
receipt_00328,train,0.5882,0.625,0.0368,0.5882,0.625,0.0368,0.004039,0.01953,True,large-required
receipt_00329,train,0.4444,0.4444,0.0,0.4444,0.4444,0.0,0.002573,0.01178,True,small-sufficient
receipt_00332,train,0.2041,0.4815,0.2774,0.2041,0.4815,0.2774,0.003605,0.02378,True,large-required
receipt_00330,train,0.1818,0.3333,0.1515,0.1818,0.3333,0.1515,0.002074,0.0103,True,large-required
receipt_00338,train,0.5714,0.6667,0.0952,0.5714,0.6667,0.0952,0.001715,0.00819,True,large-required
receipt_00333,train,0.0,0.1538,0.1538,0.0,0.1538,0.1538,0.002041,0.010395,True,large-required
receipt_00336,train,0.5,0.5556,0.0556,0.5,0.5556,0.0556,0.002862,0.01175,True,large-required
receipt_00343,train,0.4848,0.6667,0.1818,0.4848,0.6667,0.1818,0.00392,0.01621,True,large-required
receipt_00347,train,0.4444,0.5217,0.0773,0.4444,0.5217,0.0773,0.00447,0.020815,True,large-required
receipt_00345,train,0.2857,0.2857,0.0,0.2857,0.2857,0.0,0.002372,0.01099,True,small-sufficient
receipt_00342,train,0.1714,0.5143,0.3429,0.1714,0.5143,0.3429,0.003946,0.0172,True,large-required
receipt_00346,train,0.4444,0.4444,0.0,0.4444,0.4444,0.0,0.002572,0.011755,True,small-sufficient
receipt_00344,train,0.3478,0.4545,0.1067,0.3478,0.4545,0.1067,0.003139,0.013915,True,large-required
receipt_00349,train,0.5556,0.5882,0.0327,0.5556,0.5882,0.0327,0.003267,0.01681,True,large-required
receipt_00350,train,0.25,0.2963,0.0463,0.25,0.2222,-0.0278,0.003077,0.016055,True,large-required
receipt_00351,train,0.5217,0.5217,0.0,0.5217,0.5217,0.0,0.003048,0.014265,True,small-sufficient
receipt_00360,train,0.6667,0.6667,0.0,0.6667,0.6667,0.0,0.003393,0.01589,True,small-sufficient
receipt_00353,train,0.1176,0.2727,0.1551,0.1176,0.1818,0.0642,0.002535,0.01452,True,large-required
receipt_00359,train,0.5,0.5,0.0,0.5,0.5,0.0,0.003608,0.01615,True,small-sufficient
receipt_00352,train,0.5854,0.6,0.0146,0.5854,0.6,0.0146,0.00343,0.018585,True,small-sufficient
receipt_00356,train,0.24,0.24,0.0,0.24,0.24,0.0,0.003263,0.01476,True,small-sufficient
receipt_00355,train,0.24,0.5217,0.2817,0.24,0.5217,0.2817,0.00267,0.014765,True,large-required
receipt_00348,train,0.1667,0.3077,0.141,0.1667,0.3077,0.141,0.00208,0.01034,True,large-required
receipt_00357,train,0.5185,0.5283,0.0098,0.5185,0.5283,0.0098,0.004176,0.02307,True,small-sufficient
receipt_00361,train,0.4444,0.4762,0.0317,0.4444,0.4762,0.0317,0.004781,0.019745,True,large-required
receipt_00363,train,0.2667,0.2667,0.0,0.2667,0.2667,0.0,0.002355,0.010955,True,small-sufficient
receipt_00354,train,0.16,0.5,0.34,0.16,0.5,0.34,0.003248,0.01377,True,large-required
receipt_00367,train,0.8333,0.8824,0.049,0.8333,0.8824,0.049,0.003137,0.016495,True,large-required
receipt_00358,train,0.1,0.1818,0.0818,0.1,0.0909,-0.0091,0.002784,0.014185,True,large-required
receipt_00364,train,0.2258,0.1818,-0.044,0.2258,0.1818,-0.044,0.005499,0.035085,True,small-sufficient
receipt_00366,train,0.4,0.4444,0.0444,0.4,0.4444,0.0444,0.002965,0.014725,True,large-required
receipt_00365,train,0.6667,0.72,0.0533,0.6275,0.72,0.0925,0.003966,0.021495,True,large-required
receipt_00368,train,0.3333,0.3333,0.0,0.3333,0.3333,0.0,0.002159,0.009945,True,small-sufficient
receipt_00362,train,0.55,0.5789,0.0289,0.55,0.5789,0.0289,0.003475,0.01797,True,large-required
receipt_00371,train,0.3333,0.5806,0.2473,0.3333,0.5806,0.2473,0.002892,0.016505,True,large-required
receipt_00369,train,0.2667,0.2667,0.0,0.2667,0.2667,0.0,0.003488,0.01609,True,small-sufficient
receipt_00372,train,0.2353,0.5,0.2647,0.2353,0.5,0.2647,0.002614,0.011425,True,large-required
receipt_00370,train,0.4167,0.4167,0.0,0.4167,0.4167,0.0,0.002543,0.01367,True,small-sufficient
receipt_00374,train,0.1714,0.5143,0.3429,0.1714,0.5143,0.3429,0.003216,0.01741,True,large-required
receipt_00375,train,0.5556,0.5882,0.0327,0.5556,0.5882,0.0327,0.003234,0.01672,True,large-required
receipt_00373,train,0.4,0.4667,0.0667,0.4,0.4667,0.0667,0.003443,0.01543,True,large-required
receipt_00377,train,0.4762,0.3636,-0.1126,0.4762,0.3636,-0.1126,0.002747,0.012855,True,small-sufficient
receipt_00380,train,0.3158,0.2222,-0.0936,0.3158,0.2222,-0.0936,0.00277,0.011815,True,small-sufficient
receipt_00381,train,0.3636,0.3636,0.0,0.3636,0.3636,0.0,0.00291,0.013335,True,small-sufficient
receipt_00383,train,0.375,0.2222,-0.1528,0.375,0.2222,-0.1528,0.002486,0.012565,True,small-sufficient
receipt_00379,train,0.2424,0.7083,0.4659,0.2424,0.7083,0.4659,0.002651,0.02054,True,large-required
receipt_00382,train,0.5,0.5,0.0,0.5,0.5,0.0,0.002166,0.009945,True,small-sufficient
receipt_00384,train,0.375,0.375,0.0,0.375,0.375,0.0,0.002486,0.01139,True,small-sufficient
receipt_00391,train,0.3333,0.5,0.1667,0.3333,0.5,0.1667,0.002748,0.011355,True,large-required
receipt_00376,train,0.55,0.5789,0.0289,0.55,0.5789,0.0289,0.003414,0.016975,True,large-required
receipt_00378,train,0.1111,0.5,0.3889,0.1111,0.5,0.3889,0.0022,0.01269,True,large-required
receipt_00385,train,0.5652,0.5909,0.0257,0.5652,0.5909,0.0257,0.00472,0.021,True,large-required
receipt_00386,train,0.766,0.7347,-0.0313,0.766,0.7347,-0.0313,0.003803,0.022385,True,small-sufficient
receipt_00388,train,0.5957,0.8043,0.2086,0.5957,0.8043,0.2086,0.008031,0.03386,True,large-required
receipt_00393,train,0.1481,0.4615,0.3134,0.1481,0.4615,0.3134,0.002785,0.014365,True,large-required
receipt_00394,train,0.3077,0.4615,0.1538,0.3077,0.4615,0.1538,0.003232,0.014365,True,large-required
receipt_00392,train,0.1429,0.2667,0.1238,0.1429,0.2667,0.1238,0.003246,0.015935,True,large-required
receipt_00389,train,0.2222,0.2222,0.0,0.2222,0.2222,0.0,0.002246,0.01189,True,small-sufficient
receipt_00395,train,0.5405,0.6111,0.0706,0.5405,0.6111,0.0706,0.003224,0.01796,True,large-required
receipt_00387,train,0.4,0.5,0.1,0.4,0.5,0.1,0.002344,0.0115,True,large-required
receipt_00390,train,0.3636,0.3333,-0.0303,0.3636,0.3333,-0.0303,0.002843,0.014305,True,small-sufficient
receipt_00401,train,0.5217,0.5455,0.0237,0.5217,0.5455,0.0237,0.003029,0.013005,True,large-required
receipt_00398,train,0.6667,0.3158,-0.3509,0.6667,0.3158,-0.3509,0.002639,0.012805,True,small-sufficient
receipt_00396,train,0.1333,0.1176,-0.0157,0.1333,0.1176,-0.0157,0.002528,0.01289,True,small-sufficient
receipt_00397,train,0.5882,0.8529,0.2647,0.5882,0.8529,0.2647,0.004696,0.02793,True,large-required
receipt_00399,train,0.375,0.4286,0.0536,0.375,0.4286,0.0536,0.002603,0.01077,True,large-required
receipt_00402,train,0.1429,0.2667,0.1238,0.1429,0.2667,0.1238,0.002327,0.011245,True,large-required
receipt_00400,train,0.5,0.4737,-0.0263,0.5,0.4737,-0.0263,0.003885,0.018865,True,small-sufficient
receipt_00403,train,0.5,0.5,0.0,0.5,0.5,0.0,0.002163,0.009965,True,small-sufficient
receipt_00404,train,0.3,0.4651,0.1651,0.3,0.3721,0.0721,0.003355,0.02201,True,large-required
receipt_00405,train,0.4,0.5333,0.1333,0.4,0.5333,0.1333,0.002439,0.01121,True,large-required
receipt_00406,train,0.3529,0.625,0.2721,0.3529,0.625,0.2721,0.00261,0.011385,True,large-required
receipt_00408,train,0.4444,0.4706,0.0261,0.4444,0.4706,0.0261,0.002201,0.01115,True,large-required
receipt_00409,train,0.4,0.6364,0.2364,0.4,0.6364,0.2364,0.002585,0.013045,True,large-required
receipt_00414,train,0.4615,0.5714,0.1099,0.4615,0.5714,0.1099,0.002143,0.01044,True,large-required
receipt_00407,train,0.45,0.5778,0.1278,0.45,0.5778,0.1278,0.003291,0.02112,True,large-required
receipt_00410,train,0.6,0.6,0.0,0.6,0.6,0.0,0.002016,0.00926,True,small-sufficient
receipt_00415,train,0.375,0.5,0.125,0.375,0.5,0.125,0.002484,0.01164,True,large-required
receipt_00420,train,0.3333,0.3333,0.0,0.3333,0.3333,0.0,0.002157,0.009955,True,small-sufficient
receipt_00419,train,0.3529,0.6,0.2471,0.3529,0.6,0.2471,0.004039,0.02195,True,large-required
receipt_00413,train,0.3529,0.7059,0.3529,0.3529,0.7059,0.3529,0.003015,0.01649,True,large-required
receipt_00412,train,0.3333,0.3333,0.0,0.3333,0.3333,0.0,0.001923,0.010055,True,small-sufficient
receipt_00411,train,0.0,0.375,0.375,0.0,0.375,0.375,0.00193,0.01072,True,large-required
receipt_00421,train,0.6,0.6,0.0,0.6,0.6,0.0,0.00277,0.01262,True,small-sufficient
receipt_00417,train,0.4762,0.5,0.0238,0.4762,0.5,0.0238,0.002887,0.012555,True,large-required
receipt_00418,train,0.8571,0.8372,-0.0199,0.8571,0.8372,-0.0199,0.004198,0.018375,True,small-sufficient
receipt_00423,train,0.4444,0.4444,0.0,0.4444,0.4444,0.0,0.00225,0.01223,True,small-sufficient
receipt_00424,train,0.25,0.4,0.15,0.25,0.4,0.15,0.002472,0.010715,True,large-required
receipt_00416,train,0.7143,0.7692,0.0549,0.7143,0.7692,0.0549,0.003518,0.01781,True,large-required
receipt_00425,train,0.5,0.4737,-0.0263,0.5,0.4737,-0.0263,0.003214,0.01905,True,small-sufficient
receipt_00427,train,0.3621,0.5517,0.1897,0.3621,0.5517,0.1897,0.007174,0.043095,True,large-required
receipt_00426,train,0.6182,0.6538,0.0357,0.6182,0.6538,0.0357,0.004325,0.02297,True,large-required
receipt_00422,train,0.5,0.5,0.0,0.5,0.5,0.0,0.002939,0.01343,True,small-sufficient
receipt_00428,train,0.5,0.5,0.0,0.5,0.5,0.0,0.002151,0.009845,True,small-sufficient
receipt_00432,train,0.4762,0.5556,0.0794,0.4762,0.5556,0.0794,0.003014,0.01187,True,large-required
receipt_00429,train,0.5294,0.5714,0.042,0.5294,0.5714,0.042,0.00391,0.01821,True,large-required
receipt_00430,train,0.3429,0.5143,0.1714,0.3429,0.5143,0.1714,0.003901,0.017265,True,large-required
receipt_00436,train,0.6316,0.6316,0.0,0.6316,0.6316,0.0,0.003309,0.019025,True,small-sufficient
receipt_00433,train,0.4706,0.5143,0.0437,0.4706,0.5143,0.0437,0.003694,0.017025,True,large-required
receipt_00439,train,0.4828,0.6441,0.1613,0.4828,0.6441,0.1613,0.004248,0.025455,True,large-required
receipt_00435,train,0.6207,0.6923,0.0716,0.6207,0.6923,0.0716,0.002984,0.01485,True,large-required
receipt_00431,train,0.1333,0.1333,0.0,0.1333,0.1333,0.0,0.00247,0.01121,True,small-sufficient
receipt_00434,train,0.5,0.5,0.0,0.5,0.5,0.0,0.002157,0.009875,True,small-sufficient
receipt_00440,train,0.3333,0.5,0.1667,0.3333,0.5,0.1667,0.003103,0.014015,True,large-required
receipt_00437,train,0.2667,0.5,0.2333,0.2667,0.5,0.2333,0.003341,0.016015,True,large-required
receipt_00448,train,0.4444,0.4444,0.0,0.4444,0.4444,0.0,0.003218,0.018325,True,small-sufficient
receipt_00446,train,0.5,0.5,0.0,0.5,0.5,0.0,0.002163,0.010115,True,small-sufficient
receipt_00443,train,0.381,0.2727,-0.1082,0.381,0.2727,-0.1082,0.002761,0.01311,True,small-sufficient
receipt_00438,train,0.625,0.6522,0.0272,0.625,0.6522,0.0272,0.003827,0.020115,True,large-required
receipt_00442,train,0.5294,0.5625,0.0331,0.5294,0.5625,0.0331,0.003133,0.016285,True,large-required
receipt_00444,train,0.3333,0.4444,0.1111,0.3333,0.4444,0.1111,0.002629,0.01189,True,large-required
receipt_00441,train,0.3,0.3529,0.0529,0.3,0.3529,0.0529,0.002893,0.01106,True,large-required
receipt_00449,train,0.1818,0.2609,0.0791,0.1818,0.2609,0.0791,0.002564,0.01457,True,large-required
receipt_00453,train,0.0,0.2857,0.2857,0.0,0.2857,0.2857,0.002095,0.010915,True,large-required
receipt_00445,train,0.5,0.5,0.0,0.5,0.5,0.0,0.002366,0.012845,True,small-sufficient
receipt_00450,train,0.4444,0.4444,0.0,0.4444,0.4444,0.0,0.002559,0.01184,True,small-sufficient
receipt_00451,train,0.125,0.375,0.25,0.125,0.375,0.25,0.002466,0.01133,True,large-required
receipt_00452,train,0.5,0.5,0.0,0.5,0.5,0.0,0.002155,0.009875,True,small-sufficient
receipt_00447,train,0.1429,0.1429,0.0,0.1429,0.1429,0.0,0.002473,0.011485,True,small-sufficient
receipt_00454,train,0.6154,0.6667,0.0513,0.6154,0.6667,0.0513,0.003284,0.013925,True,large-required
receipt_00455,train,0.4444,0.6471,0.2026,0.4444,0.6471,0.2026,0.00405,0.01657,True,large-required
receipt_00456,train,0.56,0.5833,0.0233,0.56,0.5833,0.0233,0.002642,0.01356,True,large-required
receipt_00463,train,0.0,0.4286,0.4286,0.0,0.4286,0.4286,0.001756,0.010215,True,large-required
receipt_00459,train,0.6452,0.7333,0.0882,0.6452,0.7333,0.0882,0.003583,0.015405,True,large-required
receipt_00457,train,0.2857,0.5,0.2143,0.2857,0.5,0.2143,0.002457,0.01011,True,large-required
receipt_00466,train,0.4,0.4,0.0,0.4,0.4,0.0,0.003583,0.0167,True,small-sufficient
receipt_00464,train,0.4,0.4,0.0,0.4,0.4,0.0,0.002351,0.01085,True,small-sufficient
receipt_00461,train,0.3478,0.4,0.0522,0.3478,0.4,0.0522,0.00292,0.01434,True,large-required
receipt_00462,train,0.1429,0.1429,0.0,0.1429,0.1429,0.0,0.002363,0.01092,True,small-sufficient
receipt_00458,train,0.1667,0.1667,0.0,0.1667,0.1667,0.0,0.002184,0.010125,True,small-sufficient
receipt_00465,train,0.2857,0.2727,-0.013,0.2857,0.2727,-0.013,0.002815,0.01345,True,small-sufficient
receipt_00470,train,0.2222,0.3333,0.1111,0.2222,0.3333,0.1111,0.002595,0.011955,True,large-required
receipt_00469,train,0.24,0.3846,0.1446,0.24,0.3846,0.1446,0.002997,0.014015,True,large-required
receipt_00467,train,0.5556,0.5556,0.0,0.5556,0.5556,0.0,0.002265,0.01207,True,small-sufficient
receipt_00473,train,0.375,0.375,0.0,0.375,0.375,0.0,0.002509,0.011525,True,small-sufficient
receipt_00468,train,0.5946,0.8095,0.2149,0.5946,0.8095,0.2149,0.00294,0.0193,True,large-required
receipt_00472,train,0.24,0.4286,0.1886,0.24,0.4286,0.1886,0.002487,0.01495,True,large-required
receipt_00460,train,0.3158,0.625,0.3092,0.3158,0.625,0.3092,0.002422,0.0113,True,large-required
receipt_00471,train,0.25,0.3077,0.0577,0.25,0.3077,0.0577,0.00262,0.010375,True,large-required
receipt_00475,train,0.7097,0.7083,-0.0013,0.7097,0.7083,-0.0013,0.005959,0.038675,True,small-sufficient
receipt_00479,train,0.2222,0.5217,0.2995,0.2222,0.5217,0.2995,0.002391,0.01438,True,large-required
receipt_00476,train,0.4667,0.4667,0.0,0.4667,0.4667,0.0,0.002886,0.015715,True,small-sufficient
receipt_00474,train,0.4286,0.4286,0.0,0.4286,0.4286,0.0,0.002337,0.01083,True,small-sufficient
receipt_00482,train,0.2857,0.2857,0.0,0.2857,0.2857,0.0,0.002342,0.01064,True,small-sufficient
receipt_00477,train,0.5,0.6667,0.1667,0.5,0.6667,0.1667,0.002325,0.011805,True,large-required
receipt_00481,train,0.1818,0.5455,0.3636,0.1818,0.5455,0.3636,0.00391,0.02172,True,large-required
receipt_00483,train,0.3077,0.3077,0.0,0.3077,0.3077,0.0,0.00229,0.010575,True,small-sufficient
receipt_00480,train,0.2857,0.1429,-0.1429,0.2857,0.1429,-0.1429,0.00245,0.011395,True,small-sufficient
receipt_00485,train,0.2667,0.375,0.1083,0.2667,0.375,0.1083,0.002072,0.011435,True,large-required
receipt_00478,train,0.4912,0.5882,0.097,0.4912,0.5882,0.097,0.004477,0.024085,True,large-required
receipt_00486,train,0.375,0.375,0.0,0.375,0.375,0.0,0.002486,0.01151,True,small-sufficient
receipt_00484,train,0.3333,0.375,0.0417,0.3333,0.375,0.0417,0.002778,0.011465,True,large-required
receipt_00487,train,0.6222,0.6364,0.0141,0.6222,0.6364,0.0141,0.004576,0.018665,True,small-sufficient
receipt_00488,train,0.3333,0.4286,0.0952,0.3333,0.4286,0.0952,0.002858,0.01056,True,large-required
receipt_00489,train,0.1667,0.1667,0.0,0.1667,0.1667,0.0,0.003607,0.016805,True,small-sufficient
receipt_00491,train,0.6667,0.6667,0.0,0.6667,0.6667,0.0,0.002559,0.01169,True,small-sufficient
receipt_00492,train,0.25,0.5625,0.3125,0.25,0.5625,0.3125,0.00297,0.016545,True,large-required
receipt_00490,train,0.0,0.0,0.0,0.0,0.0,0.0,0.00229,0.01064,True,small-sufficient
receipt_00500,train,0.4444,0.6286,0.1841,0.4444,0.6286,0.1841,0.004015,0.01736,True,large-required
receipt_00495,train,0.1667,0.1667,0.0,0.1667,0.1667,0.0,0.002214,0.010275,True,small-sufficient
receipt_00502,train,0.3077,0.4286,0.1209,0.3077,0.4286,0.1209,0.003216,0.01566,True,large-required
receipt_00496,train,0.7059,0.7059,0.0,0.7059,0.7059,0.0,0.003714,0.01677,True,small-sufficient
receipt_00499,train,0.6429,0.7857,0.1429,0.6429,0.7857,0.1429,0.00331,0.0149,True,large-required
receipt_00497,train,0.2667,0.375,0.1083,0.2667,0.375,0.1083,0.002356,0.01144,True,large-required
receipt_00503,train,0.1429,0.3448,0.202,0.0714,0.3448,0.2734,0.003203,0.01512,True,large-required
receipt_00504,train,0.1176,0.1176,0.0,0.1176,0.1176,0.0,0.002736,0.01259,True,small-sufficient
receipt_00498,train,0.6667,0.6667,0.0,0.6667,0.6667,0.0,0.002583,0.01187,True,small-sufficient
receipt_00501,train,0.5,0.6667,0.1667,0.5,0.6667,0.1667,0.002542,0.01378,True,large-required
receipt_00506,train,0.2,0.2,0.0,0.2,0.2,0.0,0.002035,0.009335,True,small-sufficient
receipt_00508,train,0.3111,0.5455,0.2343,0.3111,0.5455,0.2343,0.003957,0.021305,True,large-required
receipt_00493,train,0.3333,0.5385,0.2051,0.3333,0.5385,0.2051,0.002828,0.01364,True,large-required
receipt_00505,train,0.5263,0.6,0.0737,0.5263,0.6,0.0737,0.004182,0.026035,True,large-required
receipt_00494,train,0.3333,0.5,0.1667,0.3333,0.5,0.1667,0.001908,0.00984,True,large-required
receipt_00507,train,0.2222,0.2222,0.0,0.2222,0.2222,0.0,0.001962,0.009225,True,small-sufficient
receipt_00510,train,0.1818,0.5455,0.3636,0.1818,0.5455,0.3636,0.003813,0.01685,True,large-required
receipt_00509,train,0.1818,0.3333,0.1515,0.1818,0.3333,0.1515,0.001853,0.010015,True,large-required
receipt_00511,train,0.5714,0.5333,-0.0381,0.5714,0.5333,-0.0381,0.002024,0.011465,True,small-sufficient
receipt_00512,train,0.6667,0.6667,0.0,0.6667,0.6667,0.0,0.002239,0.01177,True,small-sufficient
receipt_00514,train,0.4,0.5263,0.1263,0.4,0.5263,0.1263,0.002425,0.012385,True,large-required
receipt_00516,train,0.5,0.4865,-0.0135,0.5,0.4865,-0.0135,0.003848,0.018055,True,small-sufficient
receipt_00513,train,0.2857,0.2857,0.0,0.2857,0.2857,0.0,0.002346,0.01083,True,small-sufficient
receipt_00515,train,0.3846,0.5385,0.1538,0.3846,0.5385,0.1538,0.003173,0.014005,True,large-required
receipt_00533,train,0.4615,0.5,0.0385,0.4615,0.5,0.0385,0.002689,0.01372,True,large-required
receipt_00517,train,0.7273,0.7273,0.0,0.7273,0.7273,0.0,0.002426,0.013345,True,small-sufficient
receipt_00521,train,0.3889,0.3889,0.0,0.3889,0.3889,0.0,0.004443,0.02138,True,small-sufficient
receipt_00522,train,0.3571,0.5333,0.1762,0.3571,0.5333,0.1762,0.00322,0.016175,True,large-required
receipt_00518,train,0.1818,0.2,0.0182,0.1818,0.2,0.0182,0.002196,0.009365,True,small-sufficient
receipt_00519,train,0.2857,0.2857,0.0,0.2857,0.2857,0.0,0.002324,0.01063,True,small-sufficient
receipt_00525,train,0.1538,0.3077,0.1538,0.1538,0.3077,0.1538,0.002187,0.0101,True,large-required
receipt_00526,train,0.5,0.3529,-0.1471,0.5,0.3529,-0.1471,0.002165,0.011895,True,small-sufficient
receipt_00524,train,0.4,0.6,0.2,0.4,0.6,0.2,0.002019,0.009415,True,large-required
receipt_00534,train,0.3333,0.5143,0.181,0.3333,0.5143,0.181,0.004319,0.018525,True,large-required
receipt_00532,train,0.2857,0.2857,0.0,0.2857,0.2857,0.0,0.002092,0.011005,True,small-sufficient
receipt_00528,train,0.4286,0.4167,-0.0119,0.4286,0.4167,-0.0119,0.00351,0.01415,True,small-sufficient
receipt_00530,train,0.1429,0.25,0.1071,0.1429,0.25,0.1071,0.002408,0.01223,True,large-required
receipt_00531,train,0.3333,0.3333,0.0,0.3333,0.3333,0.0,0.002139,0.009785,True,small-sufficient
receipt_00523,train,0.3333,0.3333,0.0,0.3333,0.3333,0.0,0.002157,0.009955,True,small-sufficient
receipt_00520,train,0.4,0.4,0.0,0.4,0.4,0.0,0.002721,0.012535,True,small-sufficient
receipt_00527,train,0.4471,0.5122,0.0651,0.4471,0.5122,0.0651,0.00745,0.03246,True,large-required
receipt_00529,train,0.3333,0.5263,0.193,0.3333,0.5263,0.193,0.002473,0.011865,True,large-required
receipt_00535,train,0.5,0.5,0.0,0.5,0.5,0.0,0.002161,0.009925,True,small-sufficient
receipt_00536,train,0.4211,0.6,0.1789,0.4211,0.6,0.1789,0.002221,0.012515,True,large-required
receipt_00539,train,0.5625,0.6,0.0375,0.5625,0.6,0.0375,0.003029,0.015335,True,large-required
receipt_00537,train,0.3077,0.4,0.0923,0.3077,0.4,0.0923,0.00244,0.009305,True,large-required
receipt_00540,train,0.25,0.4167,0.1667,0.25,0.4167,0.1667,0.00251,0.01354,True,large-required
receipt_00544,train,0.3853,0.7963,0.411,0.3853,0.7963,0.411,0.007504,0.043925,True,large-required
receipt_00542,train,0.3,0.3,0.0,0.3,0.3,0.0,0.002758,0.012515,True,small-sufficient
receipt_00545,train,0.4231,0.5667,0.1436,0.4231,0.5667,0.1436,0.004905,0.026285,True,large-required
receipt_00549,train,0.5806,0.7333,0.1527,0.5806,0.7333,0.1527,0.003587,0.015465,True,large-required
receipt_00555,train,0.2,0.4167,0.2167,0.2,0.4167,0.2167,0.002379,0.01304,True,large-required
receipt_00553,train,0.3529,0.5333,0.1804,0.3529,0.5333,0.1804,0.002594,0.010565,True,large-required
receipt_00550,train,0.3158,0.1818,-0.134,0.3158,0.1818,-0.134,0.003105,0.0212,True,small-sufficient
receipt_00538,train,0.717,0.7308,0.0138,0.717,0.7308,0.0138,0.004073,0.022815,True,small-sufficient
receipt_00543,train,0.0952,0.0909,-0.0043,0.0952,0.0909,-0.0043,0.002957,0.01463,True,small-sufficient
receipt_00548,train,0.3429,0.5143,0.1714,0.3429,0.5143,0.1714,0.003913,0.01723,True,large-required
receipt_00551,train,0.4828,0.5385,0.0557,0.4828,0.5385,0.0557,0.00292,0.01465,True,large-required
receipt_00557,train,0.4,0.4,0.0,0.4,0.4,0.0,0.002038,0.009685,True,small-sufficient
receipt_00546,train,0.4,0.2353,-0.1647,0.4,0.2353,-0.1647,0.002309,0.01184,True,small-sufficient
receipt_00556,train,0.2,0.4118,0.2118,0.2,0.4118,0.2118,0.003242,0.016795,True,large-required
receipt_00541,train,0.375,0.4286,0.0536,0.375,0.4286,0.0536,0.002564,0.01055,True,large-required
receipt_00558,train,0.3077,0.4286,0.1209,0.3077,0.4286,0.1209,0.003058,0.015195,True,large-required
receipt_00547,train,0.5,0.5,0.0,0.5,0.5,0.0,0.00245,0.0115,True,small-sufficient
receipt_00560,train,0.6897,0.8333,0.1437,0.6897,0.8333,0.1437,0.004485,0.020015,True,large-required
receipt_00554,train,0.3158,0.3158,0.0,0.3158,0.3158,0.0,0.00224,0.012095,True,small-sufficient
receipt_00552,train,0.2424,0.7083,0.4659,0.2424,0.7083,0.4659,0.002651,0.02119,True,large-required
receipt_00561,train,0.3333,0.5,0.1667,0.3333,0.5,0.1667,0.00214,0.00979,True,large-required
receipt_00559,train,0.375,0.4286,0.0536,0.375,0.4286,0.0536,0.00262,0.010785,True,large-required
receipt_00562,train,0.2222,0.25,0.0278,0.2222,0.25,0.0278,0.00278,0.011515,True,large-required
receipt_00568,train,0.1053,0.5385,0.4332,0.1053,0.5385,0.4332,0.002189,0.013745,True,large-required
receipt_00578,train,0.3333,0.2222,-0.1111,0.3333,0.2222,-0.1111,0.002589,0.0118,True,small-sufficient
receipt_00564,train,0.3333,0.32,-0.0133,0.3333,0.32,-0.0133,0.003065,0.014625,True,small-sufficient
receipt_00567,train,0.3667,0.3636,-0.003,0.3667,0.3636,-0.003,0.004978,0.034065,True,small-sufficient
receipt_00574,train,0.4242,0.7059,0.2816,0.4242,0.7059,0.2816,0.002962,0.016685,True,large-required
receipt_00570,train,0.6154,0.6667,0.0513,0.6154,0.6667,0.0513,0.0027,0.013625,True,large-required
receipt_00571,train,0.3333,0.3333,0.0,0.3333,0.3333,0.0,0.003055,0.01401,True,small-sufficient
receipt_00565,train,0.6667,0.6667,0.0,0.6667,0.6667,0.0,0.002229,0.01205,True,small-sufficient
receipt_00569,train,0.4267,0.8533,0.4267,0.4267,0.8533,0.4267,0.005145,0.0289,True,large-required
receipt_00573,train,0.3,0.4444,0.1444,0.3,0.4444,0.1444,0.002917,0.011955,True,large-required
receipt_00563,train,0.6061,0.6061,0.0,0.6061,0.6061,0.0,0.004479,0.025315,True,small-sufficient
receipt_00566,train,0.2353,0.3529,0.1176,0.2353,0.3529,0.1176,0.002632,0.011945,True,large-required
receipt_00581,train,0.3333,0.5,0.1667,0.3333,0.5,0.1667,0.003081,0.013805,True,large-required
receipt_00575,train,0.3333,0.6667,0.3333,0.3333,0.6667,0.3333,0.003043,0.013535,True,large-required
receipt_00572,train,0.2353,0.2353,0.0,0.2353,0.2353,0.0,0.002565,0.011725,True,small-sufficient
receipt_00579,train,0.3636,0.3077,-0.0559,0.3636,0.3077,-0.0559,0.002021,0.01058,True,small-sufficient
receipt_00577,train,0.4211,0.5263,0.1053,0.4211,0.5263,0.1053,0.002605,0.012,True,large-required
receipt_00585,train,0.1538,0.5,0.3462,0.1538,0.5,0.3462,0.003352,0.013895,True,large-required
receipt_00576,train,0.375,0.4,0.025,0.375,0.4,0.025,0.002623,0.011555,True,large-required
receipt_00580,train,0.4615,0.5,0.0385,0.4615,0.5,0.0385,0.002292,0.00993,True,large-required
receipt_00584,train,0.6494,0.7353,0.0859,0.6494,0.7353,0.0859,0.008017,0.03101,True,large-required
receipt_00582,train,0.6,0.6667,0.0667,0.6,0.6667,0.0667,0.002817,0.011605,True,large-required
receipt_00583,train,0.3478,0.48,0.1322,0.3478,0.48,0.1322,0.002521,0.01468,True,large-required
receipt_00589,train,0.5714,0.5714,0.0,0.5714,0.5714,0.0,0.002721,0.014885,True,small-sufficient
receipt_00594,train,0.5,0.5,0.0,0.5,0.5,0.0,0.002163,0.010055,True,small-sufficient
receipt_00590,train,0.6667,0.75,0.0833,0.6667,0.75,0.0833,0.002703,0.01114,True,large-required
receipt_00586,train,0.6667,0.64,-0.0267,0.6667,0.64,-0.0267,0.002974,0.014125,True,small-sufficient
receipt_00587,train,0.16,0.5,0.34,0.16,0.5,0.34,0.003394,0.014465,True,large-required
receipt_00597,train,0.1538,0.4615,0.3077,0.1538,0.4615,0.3077,0.002682,0.014365,True,large-required
receipt_00595,train,0.2857,0.5,0.2143,0.2857,0.5,0.2143,0.003948,0.02513,True,large-required
receipt_00596,train,0.4545,0.5455,0.0909,0.4545,0.5455,0.0909,0.0029,0.013195,True,large-required
receipt_00591,train,0.4,0.5,0.1,0.4,0.5,0.1,0.00232,0.011235,True,large-required
receipt_00592,train,0.2105,0.2105,0.0,0.2105,0.2105,0.0,0.002753,0.01253,True,small-sufficient
receipt_00588,train,0.4667,0.4138,-0.0529,0.4667,0.4138,-0.0529,0.003544,0.01567,True,small-sufficient
receipt_00593,train,0.25,0.5,0.25,0.25,0.5,0.25,0.002133,0.01117,True,large-required
receipt_00600,train,0.3333,0.3333,0.0,0.3333,0.3333,0.0,0.002145,0.009845,True,small-sufficient
receipt_00599,train,0.4762,0.5,0.0238,0.4762,0.5,0.0238,0.002832,0.01229,True,large-required
receipt_00602,train,0.5,0.5,0.0,0.5,0.5,0.0,0.002169,0.010055,True,small-sufficient
receipt_00603,train,0.5714,0.5405,-0.0309,0.5714,0.5405,-0.0309,0.003757,0.0186,True,small-sufficient
receipt_00605,train,0.5,0.5556,0.0556,0.5,0.5556,0.0556,0.002859,0.011815,True,large-required
receipt_00598,train,0.5,0.4865,-0.0135,0.5,0.4865,-0.0135,0.004067,0.0183,True,small-sufficient
receipt_00604,train,0.5455,0.5714,0.026,0.5455,0.5714,0.026,0.003041,0.013145,True,large-required
receipt_00601,train,0.6415,0.6296,-0.0119,0.6415,0.6296,-0.0119,0.005057,0.023005,True,small-sufficient
receipt_00606,train,0.5455,0.5455,0.0,0.5455,0.5455,0.0,0.00249,0.013485,True,small-sufficient
receipt_00607,train,0.3448,0.2857,-0.0591,0.2759,0.2143,-0.0616,0.003566,0.015265,True,small-sufficient
receipt_00610,train,0.4828,0.5333,0.0506,0.4828,0.5333,0.0506,0.002833,0.01603,True,large-required
receipt_00609,train,0.5,0.6667,0.1667,0.5,0.6667,0.1667,0.003034,0.01385,True,large-required
receipt_00611,train,0.4211,0.3333,-0.0877,0.4211,0.3333,-0.0877,0.002317,0.011995,True,small-sufficient
receipt_00608,train,0.4706,0.4444,-0.0261,0.4706,0.4444,-0.0261,0.002181,0.012065,True,small-sufficient
receipt_00613,train,0.5652,0.6522,0.087,0.5652,0.6522,0.087,0.004514,0.020075,True,large-required
receipt_00614,train,0.4444,0.4571,0.0127,0.4444,0.4571,0.0127,0.003292,0.017605,True,small-sufficient
receipt_00612,train,0.4,0.375,-0.025,0.4,0.375,-0.025,0.002809,0.01664,True,small-sufficient
receipt_00615,train,0.375,0.375,0.0,0.375,0.375,0.0,0.002159,0.011315,True,small-sufficient
receipt_00620,train,0.3333,0.3333,0.0,0.3333,0.3333,0.0,0.002189,0.01017,True,small-sufficient
receipt_00616,train,0.5833,0.6667,0.0833,0.5833,0.6667,0.0833,0.003053,0.01384,True,large-required
receipt_00618,train,0.2353,0.2667,0.0314,0.2353,0.2667,0.0314,0.002653,0.011225,True,large-required
receipt_00619,train,0.5217,0.6364,0.1146,0.5217,0.6364,0.1146,0.002573,0.01324,True,large-required
receipt_00621,train,0.4,0.4444,0.0444,0.4,0.4444,0.0444,0.002876,0.01217,True,large-required
receipt_00622,train,0.5517,0.5517,0.0,0.5517,0.5517,0.0,0.003324,0.015175,True,small-sufficient
receipt_00617,train,0.6667,0.6957,0.029,0.6667,0.6957,0.029,0.003494,0.019835,True,large-required
receipt_00628,train,0.3333,0.3333,0.0,0.3333,0.3333,0.0,0.002139,0.009965,True,small-sufficient
receipt_00627,train,0.125,0.1176,-0.0074,0.125,0.1176,-0.0074,0.002349,0.011485,True,small-sufficient
receipt_00636,train,0.25,0.25,0.0,0.25,0.25,0.0,0.002497,0.01141,True,small-sufficient
receipt_00631,train,0.625,0.625,0.0,0.625,0.625,0.0,0.002946,0.01641,True,small-sufficient
receipt_00624,train,0.5,0.5294,0.0294,0.5,0.5294,0.0294,0.003235,0.01659,True,large-required
receipt_00625,train,0.375,0.5,0.125,0.375,0.5,0.125,0.002167,0.0115,True,large-required
receipt_00623,train,0.6129,0.6471,0.0342,0.6129,0.6471,0.0342,0.005646,0.030085,True,large-required
receipt_00630,train,0.5217,0.5217,0.0,0.5217,0.5217,0.0,0.003682,0.02127,True,small-sufficient
receipt_00626,train,0.5714,0.5263,-0.0451,0.5714,0.5263,-0.0451,0.003649,0.01787,True,small-sufficient
receipt_00641,train,0.5833,0.5833,0.0,0.5833,0.5833,0.0,0.002523,0.013925,True,small-sufficient
receipt_00634,train,0.3333,0.6,0.2667,0.3333,0.6,0.2667,0.002464,0.01255,True,large-required
receipt_00637,train,0.3333,0.3333,0.0,0.3333,0.3333,0.0,0.001935,0.010025,True,small-sufficient
receipt_00629,train,0.381,0.3,-0.081,0.381,0.3,-0.081,0.002871,0.01224,True,small-sufficient
receipt_00640,train,0.2353,0.3333,0.098,0.2353,0.3333,0.098,0.002551,0.012255,True,large-required
receipt_00633,train,0.64,0.6275,-0.0125,0.64,0.6275,-0.0125,0.003801,0.021905,True,small-sufficient
receipt_00642,train,0.4286,0.4286,0.0,0.4286,0.4286,0.0,0.002364,0.01088,True,small-sufficient
receipt_00632,train,0.25,0.25,0.0,0.25,0.25,0.0,0.002479,0.01124,True,small-sufficient
receipt_00635,train,0.75,0.85,0.1,0.75,0.85,0.1,0.003308,0.018615,True,large-required
receipt_00639,train,0.5,0.5,0.0,0.5,0.5,0.0,0.002157,0.01,True,small-sufficient
receipt_00644,train,0.4,0.5333,0.1333,0.4,0.5333,0.1333,0.002322,0.010755,True,large-required
receipt_00638,train,0.25,0.25,0.0,0.25,0.25,0.0,0.0025,0.011475,True,small-sufficient
receipt_00643,train,0.3333,0.5,0.1667,0.3333,0.5,0.1667,0.003093,0.01383,True,large-required
receipt_00646,train,0.6207,0.6429,0.0222,0.6207,0.6429,0.0222,0.0028,0.0152,True,large-required
receipt_00650,train,0.3333,0.5556,0.2222,0.3333,0.5556,0.2222,0.00222,0.011805,True,large-required
receipt_00649,train,0.6111,0.6667,0.0556,0.6111,0.6667,0.0556,0.003995,0.01621,True,large-required
receipt_00645,train,0.2857,0.4667,0.181,0.2857,0.4667,0.181,0.003243,0.01581,True,large-required
receipt_00654,train,0.5,0.5,0.0,0.5,0.5,0.0,0.002484,0.0115,True,small-sufficient
receipt_00658,train,0.4444,0.2353,-0.2092,0.4444,0.2353,-0.2092,0.002724,0.01184,True,small-sufficient
receipt_00655,train,0.6667,0.6667,0.0,0.6667,0.6667,0.0,0.00304,0.013865,True,small-sufficient
receipt_00647,train,0.3333,0.6667,0.3333,0.3333,0.6667,0.3333,0.003168,0.017395,True,large-required
receipt_00653,train,0.6383,0.6122,-0.0261,0.6383,0.6122,-0.0261,0.00377,0.02241,True,small-sufficient
receipt_00656,train,0.6154,0.6667,0.0513,0.6154,0.6667,0.0513,0.002093,0.010525,True,large-required
receipt_00665,train,0.4615,0.6667,0.2051,0.4615,0.6667,0.2051,0.00231,0.009975,True,large-required
receipt_00657,train,0.4286,0.5,0.0714,0.4286,0.5,0.0714,0.002196,0.01167,True,large-required
receipt_00648,train,0.1176,0.4,0.2824,0.0,0.1333,0.1333,0.002895,0.011855,True,large-required
receipt_00659,train,0.6471,0.7059,0.0588,0.6471,0.7059,0.0588,0.003076,0.017525,True,large-required
receipt_00661,train,0.2667,0.25,-0.0167,0.2667,0.25,-0.0167,0.003204,0.02021,True,small-sufficient
receipt_00662,train,0.5,0.5,0.0,0.5,0.5,0.0,0.002151,0.009845,True,small-sufficient
receipt_00663,train,0.3529,0.375,0.0221,0.3529,0.375,0.0221,0.002637,0.01152,True,large-required
receipt_00660,train,0.2927,0.4615,0.1689,0.2927,0.4615,0.1689,0.00428,0.01811,True,large-required
receipt_00664,train,0.5,0.4615,-0.0385,0.5,0.4615,-0.0385,0.002614,0.015185,True,small-sufficient
receipt_00666,train,0.6087,0.5833,-0.0254,0.6087,0.5833,-0.0254,0.004611,0.022415,True,small-sufficient
receipt_00651,train,0.2222,0.375,0.1528,0.2222,0.375,0.1528,0.002751,0.011435,True,large-required
receipt_00652,train,0.125,0.3333,0.2083,0.125,0.3333,0.2083,0.002379,0.012055,True,large-required
receipt_00668,train,0.5294,0.5455,0.016,0.5294,0.5455,0.016,0.003041,0.016325,True,small-sufficient
receipt_00669,train,0.3077,0.3333,0.0256,0.3077,0.3333,0.0256,0.002299,0.01021,True,large-required
receipt_00667,train,0.6667,0.7179,0.0513,0.6667,0.7179,0.0513,0.003542,0.018605,True,large-required
receipt_00671,train,0.4,0.5882,0.1882,0.4,0.5882,0.1882,0.002321,0.011765,True,large-required
receipt_00673,train,0.5,0.5,0.0,0.5,0.5,0.0,0.001917,0.01,True,small-sufficient
receipt_00672,train,0.4,0.4,0.0,0.4,0.4,0.0,0.002035,0.009335,True,small-sufficient
receipt_00670,train,0.0,0.0,0.0,0.0,0.0,0.0,0.002114,0.009095,True,small-sufficient
receipt_00674,train,0.5833,0.6667,0.0833,0.5833,0.6667,0.0833,0.008092,0.04039,True,large-required
receipt_00675,train,0.3529,0.375,0.0221,0.3529,0.375,0.0221,0.002267,0.01145,True,large-required
receipt_00679,train,0.25,0.25,0.0,0.25,0.25,0.0,0.002131,0.011205,True,small-sufficient
receipt_00676,train,0.0,0.3333,0.3333,0.0,0.3333,0.3333,0.001767,0.00995,True,large-required
receipt_00680,train,0.5333,0.5778,0.0444,0.5333,0.5778,0.0444,0.003814,0.022235,True,large-required
receipt_00677,train,0.4444,0.4444,0.0,0.4444,0.4444,0.0,0.002232,0.01208,True,small-sufficient
receipt_00686,train,0.5,0.6842,0.1842,0.5,0.6842,0.1842,0.003085,0.018135,True,large-required
receipt_00681,train,0.5294,0.5625,0.0331,0.5294,0.5625,0.0331,0.003141,0.01645,True,large-required
receipt_00683,train,0.4571,0.6667,0.2095,0.4571,0.6667,0.2095,0.003151,0.01629,True,large-required
receipt_00688,train,0.6415,0.6667,0.0252,0.6415,0.6667,0.0252,0.004,0.023465,True,large-required
receipt_00684,train,0.2857,0.2727,-0.013,0.2857,0.2727,-0.013,0.002771,0.0135,True,small-sufficient
receipt_00685,train,0.48,0.4167,-0.0633,0.48,0.4167,-0.0633,0.00319,0.013685,True,small-sufficient
receipt_00682,train,0.2,0.25,0.05,0.2,0.25,0.05,0.002181,0.00904,True,large-required
receipt_00687,train,0.2727,0.5455,0.2727,0.2727,0.5455,0.2727,0.003012,0.013905,True,large-required
receipt_00689,train,0.2222,0.5333,0.3111,0.2222,0.5333,0.3111,0.003075,0.015705,True,large-required
receipt_00678,train,0.2857,0.4286,0.1429,0.2857,0.4286,0.1429,0.002035,0.0106,True,large-required
receipt_00691,train,0.2857,0.4444,0.1587,0.2857,0.4444,0.1587,0.003476,0.01498,True,large-required
receipt_00690,train,0.2667,0.4286,0.1619,0.2667,0.4286,0.1619,0.004175,0.018265,True,large-required
receipt_00692,train,0.3158,0.2857,-0.0301,0.3158,0.2857,-0.0301,0.002524,0.012845,True,small-sufficient
receipt_00696,train,0.4706,0.5405,0.07,0.4706,0.5405,0.07,0.003611,0.01785,True,large-required
receipt_00694,train,0.0,0.0,0.0,0.0,0.0,0.0,0.002164,0.010635,True,small-sufficient
receipt_00698,train,0.3333,0.3333,0.0,0.3333,0.3333,0.0,0.002139,0.009965,True,small-sufficient
receipt_00693,train,0.4615,0.4615,0.0,0.4615,0.4615,0.0,0.002869,0.015825,True,small-sufficient
receipt_00695,train,0.5714,0.6667,0.0952,0.5714,0.6667,0.0952,0.001881,0.00816,True,large-required
receipt_00699,train,0.6923,0.9231,0.2308,0.6923,0.9231,0.2308,0.003042,0.01353,True,large-required
receipt_00697,train,0.3333,0.3333,0.0,0.3333,0.3333,0.0,0.001905,0.009965,True,small-sufficient
receipt_00701,train,0.6341,0.625,-0.0091,0.6341,0.625,-0.0091,0.005583,0.031555,True,small-sufficient
receipt_00710,train,0.087,0.0769,-0.01,0.087,0.0769,-0.01,0.003132,0.016155,True,small-sufficient
receipt_00702,train,0.4118,0.5882,0.1765,0.4118,0.5882,0.1765,0.003082,0.016775,True,large-required
receipt_00703,train,0.5,0.5,0.0,0.5,0.5,0.0,0.001899,0.009785,True,small-sufficient
receipt_00700,train,0.3529,0.7059,0.3529,0.3529,0.7059,0.3529,0.003001,0.01625,True,large-required
receipt_00704,train,0.625,0.6522,0.0272,0.625,0.6522,0.0272,0.003827,0.02014,True,large-required
receipt_00705,train,0.4,0.5,0.1,0.4,0.5,0.1,0.002047,0.011385,True,large-required
receipt_00709,train,0.7907,0.814,0.0233,0.7907,0.814,0.0233,0.005586,0.03342,True,large-required
receipt_00707,train,0.3333,0.3333,0.0,0.3333,0.3333,0.0,0.004039,0.01883,True,small-sufficient
receipt_00706,train,0.6316,0.6667,0.0351,0.6316,0.6667,0.0351,0.00268,0.011565,True,large-required
receipt_00713,train,0.3333,0.4,0.0667,0.3333,0.4,0.0667,0.002744,0.01083,True,large-required
receipt_00711,train,0.6667,0.6067,-0.0599,0.6667,0.6067,-0.0599,0.005437,0.03841,True,small-sufficient
receipt_00714,train,0.2353,0.2222,-0.0131,0.2353,0.2222,-0.0131,0.002472,0.01183,True,small-sufficient
receipt_00715,train,0.1905,0.3,0.1095,0.1905,0.3,0.1095,0.002888,0.012545,True,large-required
receipt_00708,train,0.16,0.1176,-0.0424,0.16,0.1176,-0.0424,0.004105,0.02424,True,small-sufficient
receipt_00712,train,0.2667,0.5,0.2333,0.2667,0.5,0.2333,0.002314,0.011215,True,large-required
receipt_00719,train,0.3333,0.4444,0.1111,0.3333,0.4444,0.1111,0.002809,0.01277,True,large-required
receipt_00720,train,0.7879,0.8254,0.0375,0.7879,0.8254,0.0375,0.006062,0.02548,True,large-required
receipt_00717,train,0.3846,0.5,0.1154,0.3846,0.5,0.1154,0.003255,0.013445,True,large-required
receipt_00716,train,0.3158,0.6,0.2842,0.3158,0.6,0.2842,0.002741,0.01315,True,large-required
receipt_00718,train,0.3158,0.3333,0.0175,0.3158,0.3333,0.0175,0.004461,0.020055,True,small-sufficient
receipt_00721,train,0.1538,0.4615,0.3077,0.1538,0.4615,0.3077,0.002187,0.01031,True,large-required
receipt_00723,train,0.2667,0.375,0.1083,0.2667,0.375,0.1083,0.002362,0.01165,True,large-required
receipt_00722,train,0.25,0.3077,0.0577,0.25,0.3077,0.0577,0.002108,0.01556,True,large-required
receipt_00726,train,0.8182,0.8372,0.019,0.8182,0.8372,0.019,0.003553,0.01945,True,small-sufficient
receipt_00728,train,0.1176,0.375,0.2574,0.1176,0.375,0.2574,0.002595,0.011215,True,large-required
receipt_00729,train,0.3529,0.375,0.0221,0.3529,0.375,0.0221,0.002588,0.011325,True,large-required
receipt_00724,train,0.4286,0.4286,0.0,0.4286,0.4286,0.0,0.002375,0.01091,True,small-sufficient
receipt_00725,train,0.75,0.8,0.05,0.75,0.8,0.05,0.003704,0.0158,True,large-required
receipt_00731,train,0.5385,0.5385,0.0,0.5385,0.5385,0.0,0.002636,0.01428,True,small-sufficient
receipt_00730,train,0.4211,0.4348,0.0137,0.4211,0.4348,0.0137,0.002302,0.014435,True,small-sufficient
receipt_00732,train,0.2667,0.2353,-0.0314,0.1333,0.2353,0.102,0.002455,0.012355,True,small-sufficient
receipt_00733,train,0.3077,0.4615,0.1538,0.3077,0.4615,0.1538,0.00325,0.01451,True,large-required
receipt_00735,train,0.5,0.5455,0.0455,0.5,0.5455,0.0455,0.003511,0.019845,True,large-required
receipt_00738,train,0.6,0.6,0.0,0.6,0.6,0.0,0.002803,0.01297,True,small-sufficient
receipt_00736,train,0.375,0.375,0.0,0.375,0.375,0.0,0.002191,0.011445,True,small-sufficient
receipt_00727,train,0.4444,0.8077,0.3632,0.4444,0.8077,0.3632,0.005384,0.021055,True,large-required
receipt_00739,train,0.4,0.48,0.08,0.4,0.48,0.08,0.003137,0.014185,True,large-required
receipt_00743,train,0.4444,0.4651,0.0207,0.4444,0.4651,0.0207,0.003818,0.020685,True,large-required
receipt_00740,train,0.4,0.6207,0.2207,0.4,0.6207,0.2207,0.00297,0.01573,True,large-required
receipt_00734,train,0.381,0.4,0.019,0.381,0.4,0.019,0.002932,0.012645,True,small-sufficient
receipt_00745,train,0.1333,0.25,0.1167,0.1333,0.25,0.1167,0.002348,0.011465,True,large-required
receipt_00744,train,0.3448,0.4,0.0552,0.3448,0.4,0.0552,0.002729,0.01812,True,large-required
receipt_00737,train,0.3333,0.3333,0.0,0.3333,0.3333,0.0,0.002163,0.009965,True,small-sufficient
receipt_00741,train,0.3333,0.5143,0.181,0.3333,0.5143,0.181,0.003286,0.017385,True,large-required
receipt_00742,train,0.2222,0.2222,0.0,0.2222,0.2222,0.0,0.002651,0.012005,True,small-sufficient
receipt_00746,train,0.125,0.375,0.25,0.125,0.375,0.25,0.002443,0.01123,True,large-required
receipt_00750,train,0.8227,0.8169,-0.0058,0.8227,0.8169,-0.0058,0.008227,0.048305,True,small-sufficient
receipt_00748,train,0.5625,0.5625,0.0,0.5625,0.5625,0.0,0.006804,0.039265,True,small-sufficient
receipt_00747,train,0.4286,0.4286,0.0,0.4286,0.4286,0.0,0.002294,0.01045,True,small-sufficient
receipt_00753,train,0.4615,0.5,0.0385,0.4615,0.5,0.0385,0.00233,0.010145,True,large-required
receipt_00754,train,0.1613,0.1905,0.0292,0.1613,0.1905,0.0292,0.006673,0.030545,True,large-required
receipt_00749,train,0.4286,0.5714,0.1429,0.4286,0.5714,0.1429,0.002328,0.010775,True,large-required
receipt_00760,train,0.5,0.5,0.0,0.5,0.5,0.0,0.002522,0.013495,True,small-sufficient
receipt_00757,train,0.1111,0.4545,0.3434,0.1111,0.4545,0.3434,0.002365,0.013245,True,large-required
receipt_00751,train,0.7111,0.7727,0.0616,0.7111,0.7727,0.0616,0.003672,0.019855,True,large-required
receipt_00762,train,0.375,0.375,0.0,0.375,0.375,0.0,0.002165,0.011315,True,small-sufficient
receipt_00752,train,0.6087,0.6364,0.0277,0.6087,0.6364,0.0277,0.002554,0.013185,True,large-required
receipt_00756,train,0.4444,0.4706,0.0261,0.4444,0.4706,0.0261,0.003338,0.01721,True,large-required
receipt_00761,train,0.5,0.5556,0.0556,0.5,0.5556,0.0556,0.002412,0.01175,True,large-required
receipt_00758,train,0.1,0.1,0.0,0.1,0.1,0.0,0.002818,0.013285,True,small-sufficient
receipt_00764,train,0.2609,0.3846,0.1237,0.2609,0.3462,0.0853,0.004658,0.02513,True,large-required
receipt_00755,train,0.4545,0.5455,0.0909,0.4545,0.5455,0.0909,0.002857,0.013075,True,large-required
receipt_00759,train,0.5385,0.6786,0.1401,0.5385,0.6786,0.1401,0.003665,0.0231,True,large-required
receipt_00763,train,0.2857,0.4,0.1143,0.2857,0.4,0.1143,0.002396,0.0118,True,large-required
receipt_00766,train,0.5,0.75,0.25,0.5,0.75,0.25,0.00253,0.014045,True,large-required
receipt_00765,train,0.25,0.2353,-0.0147,0.25,0.2353,-0.0147,0.002467,0.011815,True,small-sufficient
receipt_00767,train,0.4783,0.4783,0.0,0.4783,0.4783,0.0,0.003736,0.02169,True,small-sufficient
receipt_00770,train,0.2222,0.375,0.1528,0.2222,0.375,0.1528,0.002712,0.0113,True,large-required
receipt_00769,train,0.3333,0.375,0.0417,0.3333,0.375,0.0417,0.002817,0.01175,True,large-required
receipt_00772,train,0.1667,0.5,0.3333,0.1667,0.5,0.3333,0.003091,0.01383,True,large-required
receipt_00768,train,0.7333,0.7333,0.0,0.7333,0.7333,0.0,0.002811,0.01565,True,small-sufficient
receipt_00774,train,0.7442,0.7619,0.0177,0.7442,0.7619,0.0177,0.003596,0.02011,True,small-sufficient
receipt_00775,train,0.4211,0.3158,-0.1053,0.4211,0.3158,-0.1053,0.002827,0.012975,True,small-sufficient
receipt_00783,train,0.5,0.5,0.0,0.5,0.5,0.0,0.002145,0.009845,True,small-sufficient
receipt_00780,train,0.3333,0.3333,0.0,0.3333,0.3333,0.0,0.002181,0.01009,True,small-sufficient
receipt_00785,train,0.3158,0.5217,0.2059,0.3158,0.5217,0.2059,0.002538,0.01399,True,large-required
receipt_00773,train,0.4,0.4444,0.0444,0.4,0.4444,0.0444,0.002864,0.01205,True,large-required
receipt_00776,train,0.6207,0.5517,-0.069,0.6207,0.5517,-0.069,0.002814,0.015435,True,small-sufficient
receipt_00771,train,0.1429,0.1429,0.0,0.1429,0.1429,0.0,0.002479,0.011465,True,small-sufficient
receipt_00784,train,0.2222,0.3333,0.1111,0.2222,0.3333,0.1111,0.002283,0.01208,True,large-required
receipt_00778,train,0.2667,0.2286,-0.0381,0.2667,0.2286,-0.0381,0.003292,0.017785,True,small-sufficient
receipt_00781,train,0.2727,0.2727,0.0,0.2727,0.2727,0.0,0.002513,0.01352,True,small-sufficient
receipt_00777,train,0.3014,0.5895,0.2881,0.3014,0.5895,0.2881,0.004246,0.03926,True,large-required
receipt_00779,train,0.3077,0.6429,0.3352,0.3077,0.6429,0.3352,0.003037,0.015225,True,large-required
receipt_00786,train,0.4286,0.5,0.0714,0.4286,0.5,0.0714,0.002444,0.010055,True,large-required
receipt_00782,train,0.6154,0.8,0.1846,0.6154,0.8,0.1846,0.003227,0.01847,True,large-required
receipt_00792,train,0.3333,0.4,0.0667,0.3333,0.4,0.0667,0.002285,0.009305,True,large-required
receipt_00791,train,0.25,0.25,0.0,0.25,0.25,0.0,0.001894,0.00887,True,small-sufficient
receipt_00787,train,0.2979,0.6538,0.356,0.2979,0.6538,0.356,0.007488,0.04053,True,large-required
receipt_00788,train,0.2143,0.4444,0.2302,0.2143,0.4444,0.2302,0.003498,0.01488,True,large-required
receipt_00789,train,0.2857,0.2857,0.0,0.2857,0.2857,0.0,0.002375,0.01091,True,small-sufficient
receipt_00790,train,0.5,0.5,0.0,0.5,0.5,0.0,0.002139,0.009825,True,small-sufficient
receipt_00795,train,0.2105,0.3158,0.1053,0.2105,0.3158,0.1053,0.002782,0.01287,True,large-required
receipt_00793,train,0.125,0.375,0.25,0.125,0.375,0.25,0.002461,0.01138,True,large-required
receipt_00799,train,0.1818,0.3333,0.1515,0.1818,0.3333,0.1515,0.002061,0.00998,True,large-required
receipt_00797,train,0.5517,0.5517,0.0,0.5517,0.5517,0.0,0.002858,0.01586,True,small-sufficient
receipt_00794,train,0.5769,0.76,0.1831,0.5769,0.76,0.1831,0.003983,0.021925,True,large-required
receipt_00798,train,0.4211,0.2222,-0.1988,0.4211,0.2222,-0.1988,0.002375,0.011815,True,small-sufficient
receipt_00796,train,0.3704,0.5385,0.1681,0.3704,0.5385,0.1681,0.003385,0.01437,True,large-required
